dataset,relative_path,file_name,extension,binary_label,label_origin,size_bytes,sha256
drone_audio,yes_drone/B_S2_D1_067-bebop_000_.wav,B_S2_D1_067-bebop_000_.wav,.wav,1,directory:yes_drone,32876,de0c7be0c7c7ca1f05315a27619230bbaabc7114c2fabbd83d8c6bae1f652679
drone_audio,yes_drone/B_S2_D1_067-bebop_001_.wav,B_S2_D1_067-bebop_001_.wav,.wav,1,directory:yes_drone,32876,61c2a8f9b36987378c391d51ab575390ee2a890306d02ab2b313a982e6226a30
drone_audio,yes_drone/B_S2_D1_067-bebop_002_.wav,B_S2_D1_067-bebop_002_.wav,.wav,1,directory:yes_drone,32876,cd108bdc0933bfde58a3e357669ffa2860b53ef2a5b73f8678958991ee062bd1
drone_audio,yes_drone/B_S2_D1_067-bebop_003_.wav,B_S2_D1_067-bebop_003_.wav,.wav,1,directory:yes_drone,32876,1318d38850390e0b7c145c09019ba1bb9bdbaa1902492f781daf5990831ce47e
drone_audio,yes_drone/B_S2_D1_067-bebop_004_.wav,B_S2_D1_067-bebop_004_.wav,.wav,1,directory:yes_drone,28780,36c91a710169b428d87bb630704572c4406a5fb93f5756be8c8bbfd65ee84881
drone_audio,yes_drone/B_S2_D1_068-bebop_000_.wav,B_S2_D1_068-bebop_000_.wav,.wav,1,directory:yes_drone,32876,1865c21f18f41f95f654feabfd254c2fbc2346bb59f529004bca24ad830427c0
drone_audio,yes_drone/B_S2_D1_068-bebop_001_.wav,B_S2_D1_068-bebop_001_.wav,.wav,1,directory:yes_drone,32876,0db8b425092ce45b695e3ce30e1ac03a70bd4d3440fd2d7ff38a92494d6d9f20
drone_audio,yes_drone/B_S2_D1_068-bebop_002_.wav,B_S2_D1_068-bebop_002_.wav,.wav,1,directory:yes_drone,32876,35d9d74e7ea42ef99c800c7aa66a63eff372baae4d021e8d32236e0b90323581
drone_audio,yes_drone/B_S2_D1_068-bebop_003_.wav,B_S2_D1_068-bebop_003_.wav,.wav,1,directory:yes_drone,32876,81c0e154d87cfc3def256e1db54b77e3038bf164581074948e82ae79cd51d644
drone_audio,yes_drone/B_S2_D1_068-bebop_004_.wav,B_S2_D1_068-bebop_004_.wav,.wav,1,directory:yes_drone,28780,19d10dd1d1e2f27780e5208150795d3460c4c4ef6fbc81d1118c8276156f2afc
drone_audio,yes_drone/B_S2_D1_069-bebop_000_.wav,B_S2_D1_069-bebop_000_.wav,.wav,1,directory:yes_drone,32876,6f0828c1d01977acd97d23510f191302e32ad0174d65b11628e7641449f77e8d
drone_audio,yes_drone/B_S2_D1_069-bebop_001_.wav,B_S2_D1_069-bebop_001_.wav,.wav,1,directory:yes_drone,32876,b81e6e44b87d334a36efaebc38520195697bfb7bdf4e9881c0a6b7995a9f6e43
drone_audio,yes_drone/B_S2_D1_069-bebop_002_.wav,B_S2_D1_069-bebop_002_.wav,.wav,1,directory:yes_drone,32876,85a95fcc07777bee4c687ea97adac05daf1d47243043ee3886600461ee2adf93
drone_audio,yes_drone/B_S2_D1_069-bebop_003_.wav,B_S2_D1_069-bebop_003_.wav,.wav,1,directory:yes_drone,32876,01b9a893a3ce696398aaac74871bc32e97e76c9cb38b67113d5bfc560a9302e5
drone_audio,yes_drone/B_S2_D1_069-bebop_004_.wav,B_S2_D1_069-bebop_004_.wav,.wav,1,directory:yes_drone,28780,2d4a6dc51962251f3158d6c4f499212ce53b95c1b45462db4b376a9c3f5eb118
drone_audio,yes_drone/B_S2_D1_070-bebop_000_.wav,B_S2_D1_070-bebop_000_.wav,.wav,1,directory:yes_drone,32876,88f16e4fd3e5490ba7467734a92a0ec274cc8f2515bc2d72320186c5117d3e2f
drone_audio,yes_drone/B_S2_D1_070-bebop_001_.wav,B_S2_D1_070-bebop_001_.wav,.wav,1,directory:yes_drone,32876,b4ffbd2e95f2c85a34fd0463be1ae6bac8ac770de985d9882dea01e7ef49423a
drone_audio,yes_drone/B_S2_D1_070-bebop_002_.wav,B_S2_D1_070-bebop_002_.wav,.wav,1,directory:yes_drone,32876,078b70cd94e9905f2cacae81f84012b98c4923a49e3505c690fb5af2d4d8083b
drone_audio,yes_drone/B_S2_D1_070-bebop_003_.wav,B_S2_D1_070-bebop_003_.wav,.wav,1,directory:yes_drone,32876,b2fdb180a83f3fd534a41325548b300086fa3564583ad1167d3cd47982c1ad62
drone_audio,yes_drone/B_S2_D1_070-bebop_004_.wav,B_S2_D1_070-bebop_004_.wav,.wav,1,directory:yes_drone,28780,ff724d72f918eac332088403c1d1c1988c84b5f7d1b62442ad7e82b57fbe5771
drone_audio,yes_drone/B_S2_D1_071-bebop_000_.wav,B_S2_D1_071-bebop_000_.wav,.wav,1,directory:yes_drone,32876,c7aa585394dfc7df57ba3ebf2f151644eb10941608db23fbf84d7b1dca20b70d
drone_audio,yes_drone/B_S2_D1_071-bebop_001_.wav,B_S2_D1_071-bebop_001_.wav,.wav,1,directory:yes_drone,32876,c3724f95568227a8f2f173127769843174ebcdbf50cee4e80227977b5ebc02ad
drone_audio,yes_drone/B_S2_D1_071-bebop_002_.wav,B_S2_D1_071-bebop_002_.wav,.wav,1,directory:yes_drone,32876,e92bfe620f7c7fca4cfba38b4757457ff05353b647231586a447dd26a1aa8534
drone_audio,yes_drone/B_S2_D1_071-bebop_003_.wav,B_S2_D1_071-bebop_003_.wav,.wav,1,directory:yes_drone,32876,55635b846ec1862de965c934c1231ff65ae81c60e42737e3b5caad1b3408f077
drone_audio,yes_drone/B_S2_D1_071-bebop_004_.wav,B_S2_D1_071-bebop_004_.wav,.wav,1,directory:yes_drone,28780,2e3ac840e0fc34524d4c8ae734af292fa5a44f79ce60560e559dc1691b21a025
drone_audio,yes_drone/B_S2_D1_072-bebop_000_.wav,B_S2_D1_072-bebop_000_.wav,.wav,1,directory:yes_drone,32876,919424103e8e7518ac8aec9f49dfaa185d87ed7c09a68f87641feff7e0249408
drone_audio,yes_drone/B_S2_D1_072-bebop_001_.wav,B_S2_D1_072-bebop_001_.wav,.wav,1,directory:yes_drone,32876,4480d0df09239079bc940bcb6052ea3874035f4e08bd2b2c44c9f02c02fbaa1a
drone_audio,yes_drone/B_S2_D1_072-bebop_002_.wav,B_S2_D1_072-bebop_002_.wav,.wav,1,directory:yes_drone,32876,0b69101b2820da68dd37e07863a810a80bf3e64a5db3244f988896eb1cfd7a97
drone_audio,yes_drone/B_S2_D1_072-bebop_003_.wav,B_S2_D1_072-bebop_003_.wav,.wav,1,directory:yes_drone,32876,9513dd98c265df051a6be9d727b4d1bcb176fd5823c4695525b3b9c3e3038f49
drone_audio,yes_drone/B_S2_D1_072-bebop_004_.wav,B_S2_D1_072-bebop_004_.wav,.wav,1,directory:yes_drone,28780,1dcc447049593d37779a716c9acb1f6fc8db3d5b55b8226d5af0919d7e54de0e
drone_audio,yes_drone/B_S2_D1_073-bebop_000_.wav,B_S2_D1_073-bebop_000_.wav,.wav,1,directory:yes_drone,32876,bce199b35f29d5c6035e83b1a81f57ae8263e528014651f769162e010cbe14cb
drone_audio,yes_drone/B_S2_D1_073-bebop_001_.wav,B_S2_D1_073-bebop_001_.wav,.wav,1,directory:yes_drone,32876,a7d96345a9f9faa702b139fe347d1082c7932f5e98642c9c956d1fe4fe366356
drone_audio,yes_drone/B_S2_D1_073-bebop_002_.wav,B_S2_D1_073-bebop_002_.wav,.wav,1,directory:yes_drone,32876,4767a6d00f07ab984e75f5226e724c17eb676b63dc2aa6b256dc4623c910b8b6
drone_audio,yes_drone/B_S2_D1_073-bebop_003_.wav,B_S2_D1_073-bebop_003_.wav,.wav,1,directory:yes_drone,32876,8d4a8945208e9b369a5b2a7c04d923440424bf55a991fe7bbde2b8d1cfe4c69b
drone_audio,yes_drone/B_S2_D1_073-bebop_004_.wav,B_S2_D1_073-bebop_004_.wav,.wav,1,directory:yes_drone,28780,dda64884359673cb557f302d22d32f680f4dc0b7c7e23b7eca08d8b96aa0f245
drone_audio,yes_drone/B_S2_D1_074-bebop_000_.wav,B_S2_D1_074-bebop_000_.wav,.wav,1,directory:yes_drone,32876,9c6f4373cbfb4a7630b4bd4569a218830f75a1a265a17f76597a9247d216b88e
drone_audio,yes_drone/B_S2_D1_074-bebop_001_.wav,B_S2_D1_074-bebop_001_.wav,.wav,1,directory:yes_drone,32876,500f51aee33ef95889195aeb50a9a77cfd213dbc30d6efcbf61f06799fef19b8
drone_audio,yes_drone/B_S2_D1_074-bebop_002_.wav,B_S2_D1_074-bebop_002_.wav,.wav,1,directory:yes_drone,32876,39bd4ff0fcad2cf86acb42de60cbc34bf7cd539b031e76d6253fb6c6e97d3c56
drone_audio,yes_drone/B_S2_D1_074-bebop_003_.wav,B_S2_D1_074-bebop_003_.wav,.wav,1,directory:yes_drone,32876,787845c0770525c22ee97711cfff1b1be276ead8b3dc00e816fa3251ad024307
drone_audio,yes_drone/B_S2_D1_074-bebop_004_.wav,B_S2_D1_074-bebop_004_.wav,.wav,1,directory:yes_drone,28780,b054ee836ed174b4efc7643108ae866d5b99f547d19925a1514b64997a935751
drone_audio,yes_drone/B_S2_D1_075-bebop_000_.wav,B_S2_D1_075-bebop_000_.wav,.wav,1,directory:yes_drone,32876,2ff33956fb2df640e63e81eb969284540e3f073413020899fd85469db3ebc2ee
drone_audio,yes_drone/B_S2_D1_075-bebop_001_.wav,B_S2_D1_075-bebop_001_.wav,.wav,1,directory:yes_drone,32876,b57fbd1f0b8032f044157cc7303aab374f1ec2ff819cbfcc3eb41410e40b35fa
drone_audio,yes_drone/B_S2_D1_075-bebop_002_.wav,B_S2_D1_075-bebop_002_.wav,.wav,1,directory:yes_drone,32876,2c0db3b2dc46584e2ee8dba9647834b303597a86566731e060cef356368125f2
drone_audio,yes_drone/B_S2_D1_075-bebop_003_.wav,B_S2_D1_075-bebop_003_.wav,.wav,1,directory:yes_drone,32876,640f39ae80648b6973b9f9ad95d75f0a94563e07ae08f67e44c92b474f1a314c
drone_audio,yes_drone/B_S2_D1_075-bebop_004_.wav,B_S2_D1_075-bebop_004_.wav,.wav,1,directory:yes_drone,28780,add86b1bdf77d0de64051a24b7e26b06922f3a87f3e1729b1d1b86fb2b5766ac
drone_audio,yes_drone/B_S2_D1_076-bebop_000_.wav,B_S2_D1_076-bebop_000_.wav,.wav,1,directory:yes_drone,32876,9311e0983be02146fb85cacf119cdbdcd614cb23effdc1c8a413a0505027e193
drone_audio,yes_drone/B_S2_D1_076-bebop_001_.wav,B_S2_D1_076-bebop_001_.wav,.wav,1,directory:yes_drone,32876,dfb5f2b4c0687619d01185a4ad430c175cddd8b65151fd17c493d840d5f6e220
drone_audio,yes_drone/B_S2_D1_076-bebop_002_.wav,B_S2_D1_076-bebop_002_.wav,.wav,1,directory:yes_drone,32876,99b60b1408e77cc07284a5369ccb13f5331857cd998fde2f247721ef236fecc7
drone_audio,yes_drone/B_S2_D1_076-bebop_003_.wav,B_S2_D1_076-bebop_003_.wav,.wav,1,directory:yes_drone,32876,750496774ab12cdc2905cc96dc8dc70a95b98b5d8567d718f23856dd8e7faf12
drone_audio,yes_drone/B_S2_D1_076-bebop_004_.wav,B_S2_D1_076-bebop_004_.wav,.wav,1,directory:yes_drone,28780,bfa9c6f310c1f0bfd4d662dadbb9c43b8d3a451710110f9f7c1b3a5d63d10710
drone_audio,yes_drone/B_S2_D1_077-bebop_000_.wav,B_S2_D1_077-bebop_000_.wav,.wav,1,directory:yes_drone,32876,6b7805af7de559cb2af58a0814cd741de91cff16f15ac568c6a1bf8ff8220bd8
drone_audio,yes_drone/B_S2_D1_077-bebop_001_.wav,B_S2_D1_077-bebop_001_.wav,.wav,1,directory:yes_drone,32876,d355f6217bf1bf5784538ebbe9053fc2199bbb652abaf72c8b1e74760da37a6d
drone_audio,yes_drone/B_S2_D1_077-bebop_002_.wav,B_S2_D1_077-bebop_002_.wav,.wav,1,directory:yes_drone,32876,72b69382fb785be186166c3955648b73191b8c46d65f7564691597752e54a86d
drone_audio,yes_drone/B_S2_D1_077-bebop_003_.wav,B_S2_D1_077-bebop_003_.wav,.wav,1,directory:yes_drone,32876,fcd8aa2c029bae02c6f8ea5762ac2980dbac440cae4597f9c3eb65e8e35a07a2
drone_audio,yes_drone/B_S2_D1_077-bebop_004_.wav,B_S2_D1_077-bebop_004_.wav,.wav,1,directory:yes_drone,28780,883a8852bd3852e712bcf732d06c287b2f1cb30d00ebebbcf1f88e001d4fd30a
drone_audio,yes_drone/B_S2_D1_078-bebop_000_.wav,B_S2_D1_078-bebop_000_.wav,.wav,1,directory:yes_drone,32876,d5997b93c43b1abc180632575503d72af47abeff74c7b89680a28943021df8cc
drone_audio,yes_drone/B_S2_D1_078-bebop_001_.wav,B_S2_D1_078-bebop_001_.wav,.wav,1,directory:yes_drone,32876,d055418862eaeaa7543236d930eead15efa310206dc9a0d507fc83a0ac9347c2
drone_audio,yes_drone/B_S2_D1_078-bebop_002_.wav,B_S2_D1_078-bebop_002_.wav,.wav,1,directory:yes_drone,32876,ac5637257db518eb30f89b7ca313755f051539066dcd1833880e3fbe8dfc011a
drone_audio,yes_drone/B_S2_D1_078-bebop_003_.wav,B_S2_D1_078-bebop_003_.wav,.wav,1,directory:yes_drone,32876,e24bd48d77c27916d0ba73107197f2fa08f3b453890277c40212b20b04f7a981
drone_audio,yes_drone/B_S2_D1_078-bebop_004_.wav,B_S2_D1_078-bebop_004_.wav,.wav,1,directory:yes_drone,28780,b2452119e9e77a4b27ab65c052302fd1eed2b7b753c3b3d4e5af916bed209280
drone_audio,yes_drone/B_S2_D1_079-bebop_000_.wav,B_S2_D1_079-bebop_000_.wav,.wav,1,directory:yes_drone,32876,f0c47363f2490fde39dd43f30f506293e29abeee5c0fdd906bad09cbc322da1b
drone_audio,yes_drone/B_S2_D1_079-bebop_001_.wav,B_S2_D1_079-bebop_001_.wav,.wav,1,directory:yes_drone,32876,002ae2a28eb976e0171911a3fd0fb01b3d9f08873da76e711fc98ae925504d93
drone_audio,yes_drone/B_S2_D1_079-bebop_002_.wav,B_S2_D1_079-bebop_002_.wav,.wav,1,directory:yes_drone,32876,9df21058a91b5551309369722d365c5c44c2e2e65001cd5380f34a3617b866e6
drone_audio,yes_drone/B_S2_D1_079-bebop_003_.wav,B_S2_D1_079-bebop_003_.wav,.wav,1,directory:yes_drone,32876,6520306a2bd5bcf82d9bd973cb881404bab922ab78b11820d43ebb3c81b44953
drone_audio,yes_drone/B_S2_D1_079-bebop_004_.wav,B_S2_D1_079-bebop_004_.wav,.wav,1,directory:yes_drone,28780,cf19eaa81c462bc38560268a4a8da6f24ae2f22f882f3ffdef82783d8116fa86
drone_audio,yes_drone/B_S2_D1_080-bebop_000_.wav,B_S2_D1_080-bebop_000_.wav,.wav,1,directory:yes_drone,32876,e609133a1aa8b66ed69343918feb73ff718745ea4c4e848b34b1a9ee26099192
drone_audio,yes_drone/B_S2_D1_080-bebop_001_.wav,B_S2_D1_080-bebop_001_.wav,.wav,1,directory:yes_drone,32876,67da794477b01459ce7105bf0d0ad4a106e397c5bfbc790b74d6b3fac29d4bf1
drone_audio,yes_drone/B_S2_D1_080-bebop_002_.wav,B_S2_D1_080-bebop_002_.wav,.wav,1,directory:yes_drone,32876,e9d1b49b37fa89a8e41c597259298d10eedb32e3eca1b2081d7d1a58798aabd1
drone_audio,yes_drone/B_S2_D1_080-bebop_003_.wav,B_S2_D1_080-bebop_003_.wav,.wav,1,directory:yes_drone,32876,8fe2f34d06f2795eceacc74b3108d5c0878690584a8d6b3b471ab0401795114e
drone_audio,yes_drone/B_S2_D1_080-bebop_004_.wav,B_S2_D1_080-bebop_004_.wav,.wav,1,directory:yes_drone,32876,11a61cc3eac2c50b289a28be552983b3e508e8012f59f4184fa775fb0e617f0e
drone_audio,yes_drone/B_S2_D1_081-bebop_000_.wav,B_S2_D1_081-bebop_000_.wav,.wav,1,directory:yes_drone,32876,867014f53fc6fe9f6d29ecc4fbb958d12dbc17f000c21fe7580b4479ec15824c
drone_audio,yes_drone/B_S2_D1_081-bebop_001_.wav,B_S2_D1_081-bebop_001_.wav,.wav,1,directory:yes_drone,32876,f0ebf96a06154930ff36fe6e776445ff6c17b51a26ba324cf95ee656dac244ad
drone_audio,yes_drone/B_S2_D1_081-bebop_002_.wav,B_S2_D1_081-bebop_002_.wav,.wav,1,directory:yes_drone,32876,8fe460bb42a4b5129446d9a400fa4835724b2962e935230db7c31eb4f338d92d
drone_audio,yes_drone/B_S2_D1_081-bebop_003_.wav,B_S2_D1_081-bebop_003_.wav,.wav,1,directory:yes_drone,32876,b477ddac8159fb472b1747a327577ae1967fed472a2229e79cc1d6f1a947c211
drone_audio,yes_drone/B_S2_D1_081-bebop_004_.wav,B_S2_D1_081-bebop_004_.wav,.wav,1,directory:yes_drone,28780,9f0d20810e0ec7b3a3166ca2e234b2a9cb80c9e1bba9c6a99898604199cfd36f
drone_audio,yes_drone/B_S2_D1_082-bebop_000_.wav,B_S2_D1_082-bebop_000_.wav,.wav,1,directory:yes_drone,32876,a03a599c2591c75e0a24d2cbaa936e7aaad4e7999a7047dc28fb375aa347277a
drone_audio,yes_drone/B_S2_D1_082-bebop_001_.wav,B_S2_D1_082-bebop_001_.wav,.wav,1,directory:yes_drone,32876,b3d647ee6fd823ea5fbc3ead4270f685f87e27c1cd7922f73bfc203012a7ad48
drone_audio,yes_drone/B_S2_D1_082-bebop_002_.wav,B_S2_D1_082-bebop_002_.wav,.wav,1,directory:yes_drone,32876,6d0ed42e55359e0b36ad53ebc6d0f59ccb3d32adfe8f1b1666276e6abc8d0fe8
drone_audio,yes_drone/B_S2_D1_082-bebop_003_.wav,B_S2_D1_082-bebop_003_.wav,.wav,1,directory:yes_drone,32876,66b85407f668de0a2eecc40d363a1870f220a1b0163dc11e6711bc1d85735f97
drone_audio,yes_drone/B_S2_D1_082-bebop_004_.wav,B_S2_D1_082-bebop_004_.wav,.wav,1,directory:yes_drone,28780,6cb57549cd65554aafc47fddf4af50b01b823e87f57aae085b1ef2cbc49bf2ef
drone_audio,yes_drone/B_S2_D1_083-bebop_000_.wav,B_S2_D1_083-bebop_000_.wav,.wav,1,directory:yes_drone,32876,70e68d72a2f1d5c9b4585672bb643c28cc83ab95ac6b00765d9d57f0a518fbb3
drone_audio,yes_drone/B_S2_D1_083-bebop_001_.wav,B_S2_D1_083-bebop_001_.wav,.wav,1,directory:yes_drone,32876,204751f5bcb32ba51462c184f68ba3a4f225a770f7531fd966fbeaff8e9800af
drone_audio,yes_drone/B_S2_D1_083-bebop_002_.wav,B_S2_D1_083-bebop_002_.wav,.wav,1,directory:yes_drone,32876,c13d02ba1ebbc8c27a36528fcadc92cac8c8202037b5bb6dc1591e2174401504
drone_audio,yes_drone/B_S2_D1_083-bebop_003_.wav,B_S2_D1_083-bebop_003_.wav,.wav,1,directory:yes_drone,32876,c55ce760f9217c7b0fc6f523db3d25d49232b37291b7aded6529d0a797db9cbd
drone_audio,yes_drone/B_S2_D1_083-bebop_004_.wav,B_S2_D1_083-bebop_004_.wav,.wav,1,directory:yes_drone,28780,e77d01fa06bb3b6a5123613aec28a227e37810e93c943f07a68cf7f8090ef63f
drone_audio,yes_drone/B_S2_D1_084-bebop_000_.wav,B_S2_D1_084-bebop_000_.wav,.wav,1,directory:yes_drone,32876,189fb482f90c17633939f4e0311f4d130fc4572f5ae87951778f372c85fc8b9a
drone_audio,yes_drone/B_S2_D1_084-bebop_001_.wav,B_S2_D1_084-bebop_001_.wav,.wav,1,directory:yes_drone,32876,9699d6efabe3e0e811dff2aee64fe3b9d99cf8c5c632087fdf9ce5579bb42e59
drone_audio,yes_drone/B_S2_D1_084-bebop_002_.wav,B_S2_D1_084-bebop_002_.wav,.wav,1,directory:yes_drone,32876,b792024f81a3db3c8f55978ee14bbf747d2cb0c34c5eaa642e9568e8e02af092
drone_audio,yes_drone/B_S2_D1_084-bebop_003_.wav,B_S2_D1_084-bebop_003_.wav,.wav,1,directory:yes_drone,32876,005ef57c1eb4638282f621ddb7bff6e17c0eee3904514b64e8025ce4c890e0df
drone_audio,yes_drone/B_S2_D1_084-bebop_004_.wav,B_S2_D1_084-bebop_004_.wav,.wav,1,directory:yes_drone,28780,3eb3e452e0bc27b9a1637bf1b66a23446366b7cc2cd268448bd8dc33f6f29c8b
drone_audio,yes_drone/B_S2_D1_085-bebop_000_.wav,B_S2_D1_085-bebop_000_.wav,.wav,1,directory:yes_drone,32876,7e35de447c669f5d2a5cbe2851ecb705e9311ab74d15b06359457dd1cbc36dd4
drone_audio,yes_drone/B_S2_D1_085-bebop_001_.wav,B_S2_D1_085-bebop_001_.wav,.wav,1,directory:yes_drone,32876,47bd2f07e3e12c0fc69aaff207dec377110baee0aa4e337d189b6812673f6f76
drone_audio,yes_drone/B_S2_D1_085-bebop_002_.wav,B_S2_D1_085-bebop_002_.wav,.wav,1,directory:yes_drone,32876,b6ca49e4164c1b06fe97151cda6d7f12fa412d8ab6de1951decaf54acd2d5985
drone_audio,yes_drone/B_S2_D1_085-bebop_003_.wav,B_S2_D1_085-bebop_003_.wav,.wav,1,directory:yes_drone,32876,f49767a2cc627518b7c80957a08ff22346c2c02aedb1f04fdf52b3de13b1450d
drone_audio,yes_drone/B_S2_D1_085-bebop_004_.wav,B_S2_D1_085-bebop_004_.wav,.wav,1,directory:yes_drone,28780,b20c5f343d34968f2756e5cf21aa37de3fdeec5adf984becd37402e2d7a65cb3
drone_audio,yes_drone/B_S2_D1_086-bebop_000_.wav,B_S2_D1_086-bebop_000_.wav,.wav,1,directory:yes_drone,32876,f48907011e94910c332eb1df8986b6daafc0f84981805c5f319bcabaf0abb8de
drone_audio,yes_drone/B_S2_D1_086-bebop_001_.wav,B_S2_D1_086-bebop_001_.wav,.wav,1,directory:yes_drone,32876,49585c7a640951f9a534f574f7ea417a36291efdf5dbb18cd66a979d2d73fc1e
drone_audio,yes_drone/B_S2_D1_086-bebop_002_.wav,B_S2_D1_086-bebop_002_.wav,.wav,1,directory:yes_drone,32876,dc7f382e9ab56a1bae1ee9e0403e84a2d13d77a9c518b4018f6e4afb357ca565
drone_audio,yes_drone/B_S2_D1_086-bebop_003_.wav,B_S2_D1_086-bebop_003_.wav,.wav,1,directory:yes_drone,32876,208fd2f937a12e5513d0ff2f9c438bb2171453b5c451aca63f0c03ada70af476
drone_audio,yes_drone/B_S2_D1_086-bebop_004_.wav,B_S2_D1_086-bebop_004_.wav,.wav,1,directory:yes_drone,28780,225464c3f6e3627310eca9ab142db6a6dabcb11e527fced01292bb3beab0277a
drone_audio,yes_drone/B_S2_D1_087-bebop_000_.wav,B_S2_D1_087-bebop_000_.wav,.wav,1,directory:yes_drone,32876,821e69cd47d42eb34bc2ec42dec5b5bb059d9378b62991f074bf3341f1210692
drone_audio,yes_drone/B_S2_D1_087-bebop_001_.wav,B_S2_D1_087-bebop_001_.wav,.wav,1,directory:yes_drone,32876,1ff6231729b2840943eb813214a2f883d16f555f3f5659700b15804842d5810a
drone_audio,yes_drone/B_S2_D1_087-bebop_002_.wav,B_S2_D1_087-bebop_002_.wav,.wav,1,directory:yes_drone,32876,61c71ff95dae3ea4df0ed67e2e279cb652bcee343b8eda7c9691c8ff57c75fcd
drone_audio,yes_drone/B_S2_D1_087-bebop_003_.wav,B_S2_D1_087-bebop_003_.wav,.wav,1,directory:yes_drone,32876,b7d1282c3260b7a81c1964472e919477804c3d1adafcbc38f57058b1f282ffb9
drone_audio,yes_drone/B_S2_D1_087-bebop_004_.wav,B_S2_D1_087-bebop_004_.wav,.wav,1,directory:yes_drone,28780,3dca9e9e251443146ad8011514b7d27e2c6b676780e1ee49298065e0b3f42d9b
drone_audio,yes_drone/B_S2_D1_088-bebop_000_.wav,B_S2_D1_088-bebop_000_.wav,.wav,1,directory:yes_drone,32876,ff992940a3200b01d222e0127b6a453c4518ad08be53079988487798c35a898a
drone_audio,yes_drone/B_S2_D1_088-bebop_001_.wav,B_S2_D1_088-bebop_001_.wav,.wav,1,directory:yes_drone,32876,bfe27fe2feaae662c41e25b36bf219bcd3f5efb693426213deaaf045b661015d
drone_audio,yes_drone/B_S2_D1_088-bebop_002_.wav,B_S2_D1_088-bebop_002_.wav,.wav,1,directory:yes_drone,32876,46f3603c52f9f6c240739ffaa440dd053cd18299623fc50a36d52abeb70a19d8
drone_audio,yes_drone/B_S2_D1_088-bebop_003_.wav,B_S2_D1_088-bebop_003_.wav,.wav,1,directory:yes_drone,32876,fe60d1559f4401be9b76f8847b229c26ef8d35a707bc83ccca1def5cd03a0f35
drone_audio,yes_drone/B_S2_D1_088-bebop_004_.wav,B_S2_D1_088-bebop_004_.wav,.wav,1,directory:yes_drone,28780,509301413d64c7bddc8cabb8746c2be2932bb4c2332a2fbeb86c376371bebce1
drone_audio,yes_drone/B_S2_D1_089-bebop_000_.wav,B_S2_D1_089-bebop_000_.wav,.wav,1,directory:yes_drone,32876,0bd7bac3d421b1f2ee7adf203af483555d883af4e6b70d9f77913948dae4ffae
drone_audio,yes_drone/B_S2_D1_089-bebop_001_.wav,B_S2_D1_089-bebop_001_.wav,.wav,1,directory:yes_drone,32876,81556710385afe6bd03dfe6ec754788cd2354262b085f1c256e2c13f6c62b85c
drone_audio,yes_drone/B_S2_D1_089-bebop_002_.wav,B_S2_D1_089-bebop_002_.wav,.wav,1,directory:yes_drone,32876,c278f7c0d9e0251a53b324c06f85cda1473fb7420df5b50b56d17b4058f83faa
drone_audio,yes_drone/B_S2_D1_089-bebop_003_.wav,B_S2_D1_089-bebop_003_.wav,.wav,1,directory:yes_drone,32876,84ac36543ff8aaa360fa79027e5bccb8ff5a072824d8dbf516443a5da00f76bf
drone_audio,yes_drone/B_S2_D1_089-bebop_004_.wav,B_S2_D1_089-bebop_004_.wav,.wav,1,directory:yes_drone,28780,c3f739b2d3661f2daa151bcf84469e3484c334992679795bf2cca202be0df2d7
drone_audio,yes_drone/B_S2_D1_090-bebop_000_.wav,B_S2_D1_090-bebop_000_.wav,.wav,1,directory:yes_drone,32876,55f93e2f3251d20fbc8bdbca4818638c79c0c23a728169b09c00c713b3c75468
drone_audio,yes_drone/B_S2_D1_090-bebop_001_.wav,B_S2_D1_090-bebop_001_.wav,.wav,1,directory:yes_drone,32876,76e5b166cd8974bb90e74f84b0a826e7545ef7d0bc3e5e2bf1e44a1541cc02ae
drone_audio,yes_drone/B_S2_D1_090-bebop_002_.wav,B_S2_D1_090-bebop_002_.wav,.wav,1,directory:yes_drone,32876,be583e8063b8616b12cd145fb4824d788e5072f0569de43dbf36846f9a828bf2
drone_audio,yes_drone/B_S2_D1_090-bebop_003_.wav,B_S2_D1_090-bebop_003_.wav,.wav,1,directory:yes_drone,32876,b4d813f4d879100217d18e654cea529eb340ad0293e1c9f46e6d18afe602e28e
drone_audio,yes_drone/B_S2_D1_090-bebop_004_.wav,B_S2_D1_090-bebop_004_.wav,.wav,1,directory:yes_drone,28780,a857dbbcb24eb1bbd3180712a8f96800fea00f67e8d3630cf559e960a74a2d32
drone_audio,yes_drone/B_S2_D1_091-bebop_000_.wav,B_S2_D1_091-bebop_000_.wav,.wav,1,directory:yes_drone,32876,feadc304180edcf258de4b2f1d537829ac42bf95295c1e4005aad285c62f7b61
drone_audio,yes_drone/B_S2_D1_091-bebop_001_.wav,B_S2_D1_091-bebop_001_.wav,.wav,1,directory:yes_drone,32876,738c739c8f89ae07b9ae2a9dac65d5ce682da95dc3127a9e7a718d0bb7fd6056
drone_audio,yes_drone/B_S2_D1_091-bebop_002_.wav,B_S2_D1_091-bebop_002_.wav,.wav,1,directory:yes_drone,32876,dfc708e06f2cc02d8f7dd0b680022e9304880689f282945ffcd79ddcd1a814d4
drone_audio,yes_drone/B_S2_D1_091-bebop_003_.wav,B_S2_D1_091-bebop_003_.wav,.wav,1,directory:yes_drone,32876,12cd2748a0eb144fc41e13dee1907b543e2ef5d5764040e80cc03bba18efa1f8
drone_audio,yes_drone/B_S2_D1_091-bebop_004_.wav,B_S2_D1_091-bebop_004_.wav,.wav,1,directory:yes_drone,28780,933a08680d1175ab8acf8575629ad97fe9b4897ed597ba78f827ed3b4c77a2f3
drone_audio,yes_drone/B_S2_D1_092-bebop_000_.wav,B_S2_D1_092-bebop_000_.wav,.wav,1,directory:yes_drone,32876,b3a5765100fef25165fbe42eb370d2f932a678f44fd794d32c053bb65b63eb62
drone_audio,yes_drone/B_S2_D1_092-bebop_001_.wav,B_S2_D1_092-bebop_001_.wav,.wav,1,directory:yes_drone,32876,593368e92fd5fb9bd016fe4592f885bb7f73038c4d2709369c0eeef2f4851682
drone_audio,yes_drone/B_S2_D1_092-bebop_002_.wav,B_S2_D1_092-bebop_002_.wav,.wav,1,directory:yes_drone,32876,17359552d7b98999795d68eb04dc83701619b0917def62f747d2f893cdec7b08
drone_audio,yes_drone/B_S2_D1_092-bebop_003_.wav,B_S2_D1_092-bebop_003_.wav,.wav,1,directory:yes_drone,32876,18e00a15b458fd076caff2441ec290739f652ccad1b23b3833003c3140da8e9a
drone_audio,yes_drone/B_S2_D1_092-bebop_004_.wav,B_S2_D1_092-bebop_004_.wav,.wav,1,directory:yes_drone,28780,e02b2cc476c2b45347b4ec78c2efff32e03b9ae9604c55bd3c7eae0285f5259e
drone_audio,yes_drone/B_S2_D1_093-bebop_000_.wav,B_S2_D1_093-bebop_000_.wav,.wav,1,directory:yes_drone,32876,46760c95ab6704b054e87e7157a3d4b55a99b3a0d9db893ad06d756a2154e58e
drone_audio,yes_drone/B_S2_D1_093-bebop_001_.wav,B_S2_D1_093-bebop_001_.wav,.wav,1,directory:yes_drone,32876,658c274ee22f9eba1a507c9e099ed7fa9f732a29a9be59afde770a2cbd1f641a
drone_audio,yes_drone/B_S2_D1_093-bebop_002_.wav,B_S2_D1_093-bebop_002_.wav,.wav,1,directory:yes_drone,32876,40836a5df859b9ca0b118878c9a96b47f79d7ecfaca7c3942048ec55bc10c73f
drone_audio,yes_drone/B_S2_D1_093-bebop_003_.wav,B_S2_D1_093-bebop_003_.wav,.wav,1,directory:yes_drone,32876,6ac63e03db11739685c98974722ef80d205a9199a55e74958a9e96b9c450806f
drone_audio,yes_drone/B_S2_D1_093-bebop_004_.wav,B_S2_D1_093-bebop_004_.wav,.wav,1,directory:yes_drone,28780,b78c269a6265fc7e5bddae40611837feef5cc9036790b51c76544559328220ad
drone_audio,yes_drone/B_S2_D1_094-bebop_000_.wav,B_S2_D1_094-bebop_000_.wav,.wav,1,directory:yes_drone,32876,4dac75078614caf7f61815872dd39e661bcdb847a08f88bd41840598313c668a
drone_audio,yes_drone/B_S2_D1_094-bebop_001_.wav,B_S2_D1_094-bebop_001_.wav,.wav,1,directory:yes_drone,32876,d937a37e1785995e4639df356949dbc23c638cfac43bb72b92eb02a9858ab470
drone_audio,yes_drone/B_S2_D1_094-bebop_002_.wav,B_S2_D1_094-bebop_002_.wav,.wav,1,directory:yes_drone,32876,f22a30d69ddf9a3d265f0a4e7292a8763255eba5c75da80941b0fceb5167924c
drone_audio,yes_drone/B_S2_D1_094-bebop_003_.wav,B_S2_D1_094-bebop_003_.wav,.wav,1,directory:yes_drone,32876,f7e0fa75ffe5beba9c3305b8fa2d780903f35943218b2c0b5f31f4684248ae49
drone_audio,yes_drone/B_S2_D1_094-bebop_004_.wav,B_S2_D1_094-bebop_004_.wav,.wav,1,directory:yes_drone,28780,9d27e095797269d7d72bafaf54368561b44d18839bf778ece673ea6ab99b83c6
drone_audio,yes_drone/B_S2_D1_095-bebop_000_.wav,B_S2_D1_095-bebop_000_.wav,.wav,1,directory:yes_drone,32876,60538730d540e2a9e254d6c9a434030f1f358b283d1c47c94203ce91357d57bd
drone_audio,yes_drone/B_S2_D1_095-bebop_001_.wav,B_S2_D1_095-bebop_001_.wav,.wav,1,directory:yes_drone,32876,bd4e6b5ea3ada2b83b5379aeca88d1a841cfe66ab1774f527a0097110f108e9f
drone_audio,yes_drone/B_S2_D1_095-bebop_002_.wav,B_S2_D1_095-bebop_002_.wav,.wav,1,directory:yes_drone,32876,cfe3611be7493c8e3044c1b8afbdddd3785408d79e496de1326e736d628a631b
drone_audio,yes_drone/B_S2_D1_095-bebop_003_.wav,B_S2_D1_095-bebop_003_.wav,.wav,1,directory:yes_drone,32876,a9cca68ef499ab2fa6d8a7c13197788ca5edea4fb449a677977c1dd384098aa0
drone_audio,yes_drone/B_S2_D1_095-bebop_004_.wav,B_S2_D1_095-bebop_004_.wav,.wav,1,directory:yes_drone,28780,14fdcc9a6c420f1cd568ddbc3d37f1fd32b7de94dfdc794590934fd3d070cde8
drone_audio,yes_drone/B_S2_D1_096-bebop_000_.wav,B_S2_D1_096-bebop_000_.wav,.wav,1,directory:yes_drone,32876,1d0ac022d4b31c71847ef2fcb77a185591374f5a8c9c40f9497003c140a78960
drone_audio,yes_drone/B_S2_D1_096-bebop_001_.wav,B_S2_D1_096-bebop_001_.wav,.wav,1,directory:yes_drone,32876,268f148dedcb221a95bc9a13978baed693a8a91b5cd02e7f90cda3dff8d9fac3
drone_audio,yes_drone/B_S2_D1_096-bebop_002_.wav,B_S2_D1_096-bebop_002_.wav,.wav,1,directory:yes_drone,32876,dbc222574596ad4ca725d2c1120ab978fb55d03ad19c06c8ab94310e0da92713
drone_audio,yes_drone/B_S2_D1_096-bebop_003_.wav,B_S2_D1_096-bebop_003_.wav,.wav,1,directory:yes_drone,32876,4bf61ebea6e49ba15ec8b76efb796cbe5b44aa34aca5f2a963cbd19d5093d164
drone_audio,yes_drone/B_S2_D1_096-bebop_004_.wav,B_S2_D1_096-bebop_004_.wav,.wav,1,directory:yes_drone,32876,1c5b581f4d19ee4bd5a2031854f9441e22eb78661b4bb148d908ef8d90915c83
drone_audio,yes_drone/B_S2_D1_097-bebop_000_.wav,B_S2_D1_097-bebop_000_.wav,.wav,1,directory:yes_drone,32876,fdb4243033fee43b7f0e6c37bf376b1445b3fb2635f71f40396a37c6238bf7cc
drone_audio,yes_drone/B_S2_D1_097-bebop_001_.wav,B_S2_D1_097-bebop_001_.wav,.wav,1,directory:yes_drone,32876,363bbb019d90f2836250cb87327f3518dc4e55b3b3563386da597f3016f59366
drone_audio,yes_drone/B_S2_D1_097-bebop_002_.wav,B_S2_D1_097-bebop_002_.wav,.wav,1,directory:yes_drone,32876,70606de9e2cd778f84af2670ee93478979876cfe57017c138d32183ba735dcd3
drone_audio,yes_drone/B_S2_D1_097-bebop_003_.wav,B_S2_D1_097-bebop_003_.wav,.wav,1,directory:yes_drone,32876,8fa70f0da4102bcb6ee07dd08b12a839b668ed146883a6879b56f7c20fc6c2db
drone_audio,yes_drone/B_S2_D1_097-bebop_004_.wav,B_S2_D1_097-bebop_004_.wav,.wav,1,directory:yes_drone,28780,19f082f0884b5b4724ec579ef796dbf5d87612a920ac0f1b03276e6a95649b41
drone_audio,yes_drone/B_S2_D1_098-bebop_000_.wav,B_S2_D1_098-bebop_000_.wav,.wav,1,directory:yes_drone,32876,b4efce1207624c4270ca721d4033e21657228ab323a7e97afe4d20720873ff43
drone_audio,yes_drone/B_S2_D1_098-bebop_001_.wav,B_S2_D1_098-bebop_001_.wav,.wav,1,directory:yes_drone,32876,12a40ee8ee3a688897388c19d9ab49e30d53f22c4fe6e4cca7926facded02ea3
drone_audio,yes_drone/B_S2_D1_098-bebop_002_.wav,B_S2_D1_098-bebop_002_.wav,.wav,1,directory:yes_drone,32876,b5a68188eba7eff376a5315535e31d587f8382faddfa2abc20ee80d62899bb36
drone_audio,yes_drone/B_S2_D1_098-bebop_003_.wav,B_S2_D1_098-bebop_003_.wav,.wav,1,directory:yes_drone,32876,4feb027cbe406b72af5cdc4c976ff3aed476ab754438ed120a71af3493ab6895
drone_audio,yes_drone/B_S2_D1_098-bebop_004_.wav,B_S2_D1_098-bebop_004_.wav,.wav,1,directory:yes_drone,28780,aa1a332e6322431bf2881f22ed696dc3437cdbf6d48cdd99dc5209a9db5eb8a1
drone_audio,yes_drone/B_S2_D1_099-bebop_000_.wav,B_S2_D1_099-bebop_000_.wav,.wav,1,directory:yes_drone,32876,94c39f1f864d69fd560884ccc6b3864abd8c0ff3163b079f69356f5819b97294
drone_audio,yes_drone/B_S2_D1_099-bebop_001_.wav,B_S2_D1_099-bebop_001_.wav,.wav,1,directory:yes_drone,32876,2eb6e1f0b7ca290fe856fb2c664268ea601c675b14a203e87fb99af9beb34763
drone_audio,yes_drone/B_S2_D1_099-bebop_002_.wav,B_S2_D1_099-bebop_002_.wav,.wav,1,directory:yes_drone,32876,c4c959d3f0d8539d32589d0e48b5261f01f8b5c2cce7e839e5de69fa3c0b3e6f
drone_audio,yes_drone/B_S2_D1_099-bebop_003_.wav,B_S2_D1_099-bebop_003_.wav,.wav,1,directory:yes_drone,32876,d87ec83b57254a88573d1c6b14c70f328b7013026d6a8389e71848fbf581646d
drone_audio,yes_drone/B_S2_D1_099-bebop_004_.wav,B_S2_D1_099-bebop_004_.wav,.wav,1,directory:yes_drone,28780,6bdbdce5b484258d127d9fe5f0e2ab71d9eb1f5e18641b75cc08917bc2dde93c
drone_audio,yes_drone/B_S2_D1_100-bebop_000_.wav,B_S2_D1_100-bebop_000_.wav,.wav,1,directory:yes_drone,32876,840ce8657d8c3739dc13abe3df5e752a91e4b1f6e9c6a21020e27637432172a4
drone_audio,yes_drone/B_S2_D1_100-bebop_001_.wav,B_S2_D1_100-bebop_001_.wav,.wav,1,directory:yes_drone,32876,538c98c94bafea92a15a6de060e87d7e43d5c56895d4dc2aab6c812c6f1cb76e
drone_audio,yes_drone/B_S2_D1_100-bebop_002_.wav,B_S2_D1_100-bebop_002_.wav,.wav,1,directory:yes_drone,32876,1ece32bbec76c999ec0f43d3320a1be8092bf1ae64acc0259184f6080070a8c2
drone_audio,yes_drone/B_S2_D1_100-bebop_003_.wav,B_S2_D1_100-bebop_003_.wav,.wav,1,directory:yes_drone,32876,9ad88a3676d3e41f4438e54e78dd21b5fd02a61f0f6de0dc7e9d9fbd3221eec3
drone_audio,yes_drone/B_S2_D1_100-bebop_004_.wav,B_S2_D1_100-bebop_004_.wav,.wav,1,directory:yes_drone,28780,bcaa3e25851856806d62902f8e304b0088b9d23afd97e925e246a6fb6f73367f
drone_audio,yes_drone/B_S2_D1_101-bebop_000_.wav,B_S2_D1_101-bebop_000_.wav,.wav,1,directory:yes_drone,32876,74056e7726e38ae9f5dd0af74b3863ae8dc7a74211634f961791f66a5a18abcf
drone_audio,yes_drone/B_S2_D1_101-bebop_001_.wav,B_S2_D1_101-bebop_001_.wav,.wav,1,directory:yes_drone,32876,6fee24edf2a74b2e36fe0dec936b624ed650366bdb523a0b5dda5058f62a8be2
drone_audio,yes_drone/B_S2_D1_101-bebop_002_.wav,B_S2_D1_101-bebop_002_.wav,.wav,1,directory:yes_drone,32876,bbb55cc048a14881c9ccbf263b638185fb18e1b1e50ddd7820b856834e89069d
drone_audio,yes_drone/B_S2_D1_101-bebop_003_.wav,B_S2_D1_101-bebop_003_.wav,.wav,1,directory:yes_drone,32876,a78cc908e3e143da4c45f58a8a83c7523266a6fdccf67d1cf3dc03c2a840a496
drone_audio,yes_drone/B_S2_D1_101-bebop_004_.wav,B_S2_D1_101-bebop_004_.wav,.wav,1,directory:yes_drone,28780,325f9596c266a22afa5e0fd19d7142431e6bd4b26ae0a1e3fc6a1db7fa74e680
drone_audio,yes_drone/B_S2_D1_102-bebop_000_.wav,B_S2_D1_102-bebop_000_.wav,.wav,1,directory:yes_drone,32876,bffecd3406dfe68acd8416f39e8661b83c6d672c9e857a8cc72389c80f1b18f7
drone_audio,yes_drone/B_S2_D1_102-bebop_001_.wav,B_S2_D1_102-bebop_001_.wav,.wav,1,directory:yes_drone,32876,b4490fd0b4732d3a1aef073e2af6ee2b959e3a98d65d6f14daf1d519a07ef90e
drone_audio,yes_drone/B_S2_D1_102-bebop_002_.wav,B_S2_D1_102-bebop_002_.wav,.wav,1,directory:yes_drone,32876,33323c18202ce6eb2fe578a0f1a9c6ab9c3279d0586a81746a5b1a727a3ded3e
drone_audio,yes_drone/B_S2_D1_102-bebop_003_.wav,B_S2_D1_102-bebop_003_.wav,.wav,1,directory:yes_drone,32876,472dbb855544eb9468bbbc48a012dbf84a7bd10eb8dcffc8e69c3702fdee2156
drone_audio,yes_drone/B_S2_D1_102-bebop_004_.wav,B_S2_D1_102-bebop_004_.wav,.wav,1,directory:yes_drone,28780,027d90bd5c798b8ad1a9a492ee36642e18957ca83ccc2a4eccb37b4c92f8aced
drone_audio,yes_drone/B_S2_D1_103-bebop_000_.wav,B_S2_D1_103-bebop_000_.wav,.wav,1,directory:yes_drone,32876,6b15a77b6c99230332b3ee459c7a9a4da583fbace32e4b9ab319c9bee4a3e379
drone_audio,yes_drone/B_S2_D1_103-bebop_001_.wav,B_S2_D1_103-bebop_001_.wav,.wav,1,directory:yes_drone,32876,8127d1ed94fd9bfd4d8cbc1a967adc1fef596951c3f7efe82b2fc3b8aa50f221
drone_audio,yes_drone/B_S2_D1_103-bebop_002_.wav,B_S2_D1_103-bebop_002_.wav,.wav,1,directory:yes_drone,32876,315fa88a9e9aa9da3c4e0deed118f8b48fa6268551ef47066397137247eb35e5
drone_audio,yes_drone/B_S2_D1_103-bebop_003_.wav,B_S2_D1_103-bebop_003_.wav,.wav,1,directory:yes_drone,32876,1e60c4a43d7baca6ff672101fe336c47b89d2d5c6ff231450249f511a8d7f12b
drone_audio,yes_drone/B_S2_D1_103-bebop_004_.wav,B_S2_D1_103-bebop_004_.wav,.wav,1,directory:yes_drone,28780,2c85f3cc12e1ead195c20611482a4f45a57ad74cf57ababfba2d2af0fbc3fe9b
drone_audio,yes_drone/B_S2_D1_104-bebop_000_.wav,B_S2_D1_104-bebop_000_.wav,.wav,1,directory:yes_drone,32876,6c5f9739f9a7ad31fb54d653aa6efe2e88fa1875dc4bb63fe6f96e70248ecab9
drone_audio,yes_drone/B_S2_D1_104-bebop_001_.wav,B_S2_D1_104-bebop_001_.wav,.wav,1,directory:yes_drone,32876,e30b3feb85c7ebe12590d431f31cd1b0380934717f8435ed8c5269f329ee7843
drone_audio,yes_drone/B_S2_D1_104-bebop_002_.wav,B_S2_D1_104-bebop_002_.wav,.wav,1,directory:yes_drone,32876,830cb68b0ceb81203d8c3fbfccb298c916e88fb396f83650e43e91b108b2c073
drone_audio,yes_drone/B_S2_D1_104-bebop_003_.wav,B_S2_D1_104-bebop_003_.wav,.wav,1,directory:yes_drone,32876,ca01d7903e0e739511df18845bbbe2a457460c4106d6663b5296284ae57fdfb2
drone_audio,yes_drone/B_S2_D1_104-bebop_004_.wav,B_S2_D1_104-bebop_004_.wav,.wav,1,directory:yes_drone,28780,80af48860a410533136e91a6f8a190e6c2294689e9ea63238e49e247295d0c77
drone_audio,yes_drone/B_S2_D1_105-bebop_000_.wav,B_S2_D1_105-bebop_000_.wav,.wav,1,directory:yes_drone,32876,79c80c371d74342754b415e82f66a5562f4fc79d3daa4dafe8a497cf2132310e
drone_audio,yes_drone/B_S2_D1_105-bebop_001_.wav,B_S2_D1_105-bebop_001_.wav,.wav,1,directory:yes_drone,32876,16091aec50a3a3ec42058df59e8e46111acbe43ec3726fdfbbc581b9cf87ebc8
drone_audio,yes_drone/B_S2_D1_105-bebop_002_.wav,B_S2_D1_105-bebop_002_.wav,.wav,1,directory:yes_drone,32876,886f1eb3710293034799ae496b6140bdd8b7e23afefac042205640ca2ff74ebb
drone_audio,yes_drone/B_S2_D1_105-bebop_003_.wav,B_S2_D1_105-bebop_003_.wav,.wav,1,directory:yes_drone,32876,7decbe70cc773fe0bf329ba68b71bfdb3b772b92553678d6576759c3e91e0071
drone_audio,yes_drone/B_S2_D1_105-bebop_004_.wav,B_S2_D1_105-bebop_004_.wav,.wav,1,directory:yes_drone,28780,e90111004a94d98868e0264aa824bae020251d81ef55bf3dd414467468704d82
drone_audio,yes_drone/B_S2_D1_106-bebop_000_.wav,B_S2_D1_106-bebop_000_.wav,.wav,1,directory:yes_drone,32876,b493462ebe7dcae12a01a9d8efe86322b8ef6c3efe1b5858ee53fa86582aedc0
drone_audio,yes_drone/B_S2_D1_106-bebop_001_.wav,B_S2_D1_106-bebop_001_.wav,.wav,1,directory:yes_drone,32876,a821d1a017a8aee173a1bbfe14e40b200ab06ebd07975894ea37ce9aeffc9cec
drone_audio,yes_drone/B_S2_D1_106-bebop_002_.wav,B_S2_D1_106-bebop_002_.wav,.wav,1,directory:yes_drone,32876,949b945bb71c157cab52886976f16512cfc766fe4b7892db447e3ddff14ba34c
drone_audio,yes_drone/B_S2_D1_106-bebop_003_.wav,B_S2_D1_106-bebop_003_.wav,.wav,1,directory:yes_drone,32876,5cf7fcfb7e2af5d25d6ea4da07d74577db9a6235a48e5274a2ba6096239b7146
drone_audio,yes_drone/B_S2_D1_106-bebop_004_.wav,B_S2_D1_106-bebop_004_.wav,.wav,1,directory:yes_drone,28780,3bcb2b4eb9fb4814df069f9ba06633c3aebdc8cb97dc293fc4601fd3fb51e39f
drone_audio,yes_drone/B_S2_D1_107-bebop_000_.wav,B_S2_D1_107-bebop_000_.wav,.wav,1,directory:yes_drone,32876,c4a0842b023e64d12b3ea29ddce81d64c15195fe215aae6e49d5c71f5de34cb7
drone_audio,yes_drone/B_S2_D1_107-bebop_001_.wav,B_S2_D1_107-bebop_001_.wav,.wav,1,directory:yes_drone,32876,68d47a0c2c5e3d88517160cf7f782115327e38764d26b99f63662913308c9793
drone_audio,yes_drone/B_S2_D1_107-bebop_002_.wav,B_S2_D1_107-bebop_002_.wav,.wav,1,directory:yes_drone,32876,520faa390af64699edaeca489ed62571d611c29f1ca4d40d38467eff252eee14
drone_audio,yes_drone/B_S2_D1_107-bebop_003_.wav,B_S2_D1_107-bebop_003_.wav,.wav,1,directory:yes_drone,32876,567963de2df9ae54bc0a3d1b89f4e0681db70eb4900676aac64c074e900bb801
drone_audio,yes_drone/B_S2_D1_107-bebop_004_.wav,B_S2_D1_107-bebop_004_.wav,.wav,1,directory:yes_drone,28780,20d1a2caf7cd6837ea82de289ea5cc0d0a637e5d76738813cb2cb6dcef69be72
drone_audio,yes_drone/B_S2_D1_108-bebop_000_.wav,B_S2_D1_108-bebop_000_.wav,.wav,1,directory:yes_drone,32876,cdcf8a1007d506f448aec43ae2278440cb47bd6c3c428833b9b1b789b40a8e69
drone_audio,yes_drone/B_S2_D1_108-bebop_001_.wav,B_S2_D1_108-bebop_001_.wav,.wav,1,directory:yes_drone,32876,1edca50813fe7b2029c7b1cb1ba152fc7b7c37a70bb3cd18446a147c82589b41
drone_audio,yes_drone/B_S2_D1_108-bebop_002_.wav,B_S2_D1_108-bebop_002_.wav,.wav,1,directory:yes_drone,32876,9a625ea8c2c70ca601d3b7d641e8f1ebc4bf8a8428178dd692edda87a7d57ba7
drone_audio,yes_drone/B_S2_D1_108-bebop_003_.wav,B_S2_D1_108-bebop_003_.wav,.wav,1,directory:yes_drone,32876,b4cfe2759f7a0c1f4ce2f2c92d010ebf5f8bedc4bf45e6a302e03941e7aa8afa
drone_audio,yes_drone/B_S2_D1_108-bebop_004_.wav,B_S2_D1_108-bebop_004_.wav,.wav,1,directory:yes_drone,28780,f7e5c2911b20a8458c48fb67592ce640d36b1a3d66b9ef74331a0a8cb00bf7a8
drone_audio,yes_drone/B_S2_D1_109-bebop_000_.wav,B_S2_D1_109-bebop_000_.wav,.wav,1,directory:yes_drone,32876,55a899f0a840f08053a5fe37d1e5c2a7d8062d1f88b82d519ba31c315d48e743
drone_audio,yes_drone/B_S2_D1_109-bebop_001_.wav,B_S2_D1_109-bebop_001_.wav,.wav,1,directory:yes_drone,32876,c8ba9ce44bbb5267fefade96e030e3dfffa07e53cf9e32f27f4e0eaa6e5064ea
drone_audio,yes_drone/B_S2_D1_109-bebop_002_.wav,B_S2_D1_109-bebop_002_.wav,.wav,1,directory:yes_drone,32876,d48158a7b1b0313e3b818d7e04a33da7cf8cb7636c772713311422ff83516729
drone_audio,yes_drone/B_S2_D1_109-bebop_003_.wav,B_S2_D1_109-bebop_003_.wav,.wav,1,directory:yes_drone,32876,5709377b3f90bc9569ee7e5c4b7b0a083e231a34f61810300074fd292644d1ce
drone_audio,yes_drone/B_S2_D1_109-bebop_004_.wav,B_S2_D1_109-bebop_004_.wav,.wav,1,directory:yes_drone,28780,ce1ac14c90f6b19746e172b9c41dbc06da397c4f2cad60991edafcc7bcb8ffef
drone_audio,yes_drone/B_S2_D1_110-bebop_000_.wav,B_S2_D1_110-bebop_000_.wav,.wav,1,directory:yes_drone,32876,179d490eb0dcff13126cae9fffb04b6aa92490ca676ca6e6983a00391c3b60ac
drone_audio,yes_drone/B_S2_D1_110-bebop_001_.wav,B_S2_D1_110-bebop_001_.wav,.wav,1,directory:yes_drone,32876,407aef94237668867d2ef4d655784ba9112ec4870a05580bb5f306527347645e
drone_audio,yes_drone/B_S2_D1_110-bebop_002_.wav,B_S2_D1_110-bebop_002_.wav,.wav,1,directory:yes_drone,32876,c952ede077ab5c92df0cfed79ae31da60a2211a3700ad3980362489ea6f60ee2
drone_audio,yes_drone/B_S2_D1_110-bebop_003_.wav,B_S2_D1_110-bebop_003_.wav,.wav,1,directory:yes_drone,32876,11cabec475703e34d3444580dc0e80aa6a3b32b261dba6f6a8ba7bf961f490e8
drone_audio,yes_drone/B_S2_D1_110-bebop_004_.wav,B_S2_D1_110-bebop_004_.wav,.wav,1,directory:yes_drone,28780,e3d44055615470073eb92aca82e19f4966a31d458f30482e6bffdfbcb8e729ef
drone_audio,yes_drone/B_S2_D1_111-bebop_000_.wav,B_S2_D1_111-bebop_000_.wav,.wav,1,directory:yes_drone,32876,c80b682457e1c0694c7786cd16224374594189ded50996d1f610c752368eacd6
drone_audio,yes_drone/B_S2_D1_111-bebop_001_.wav,B_S2_D1_111-bebop_001_.wav,.wav,1,directory:yes_drone,32876,43969ae9260deb4ca58286fef7d077309dc613b640bd77a63c1a7777d6e38d78
drone_audio,yes_drone/B_S2_D1_111-bebop_002_.wav,B_S2_D1_111-bebop_002_.wav,.wav,1,directory:yes_drone,32876,3840f3bb8fa67f6ab4cee1ffa2920956bfa8801bc43cd8a6dd46c8b56387e3f6
drone_audio,yes_drone/B_S2_D1_111-bebop_003_.wav,B_S2_D1_111-bebop_003_.wav,.wav,1,directory:yes_drone,32876,ebf2ced3401fbe00e9637d582ef273356fb3655ae974d12b6c8995464fa8b150
drone_audio,yes_drone/B_S2_D1_111-bebop_004_.wav,B_S2_D1_111-bebop_004_.wav,.wav,1,directory:yes_drone,28780,73acfd32e489a4a952a15decb9db0d2b9e6815057bb86d09ec41dc28b4bbba6a
drone_audio,yes_drone/B_S2_D1_112-bebop_000_.wav,B_S2_D1_112-bebop_000_.wav,.wav,1,directory:yes_drone,32876,6f833415accef78a615f2d752d8d99d6a353d7d3031946a081fd2c09ea44f3e9
drone_audio,yes_drone/B_S2_D1_112-bebop_001_.wav,B_S2_D1_112-bebop_001_.wav,.wav,1,directory:yes_drone,32876,4227bc995f9dbf278838b0e5a4456c08d804c47958763d82f7d2d9452e6fe999
drone_audio,yes_drone/B_S2_D1_112-bebop_002_.wav,B_S2_D1_112-bebop_002_.wav,.wav,1,directory:yes_drone,32876,ed38c57b2daa70e1faadf42423a3e5c83ea88ea6a892c290e1f8b6644c1d1a46
drone_audio,yes_drone/B_S2_D1_112-bebop_003_.wav,B_S2_D1_112-bebop_003_.wav,.wav,1,directory:yes_drone,32876,e6b3d4bee840c63aea9e60d04c38b4d092c9bcd9df2f3eaf377b5c54fe2d6d3c
drone_audio,yes_drone/B_S2_D1_112-bebop_004_.wav,B_S2_D1_112-bebop_004_.wav,.wav,1,directory:yes_drone,32876,16855b6f755c1b4935d2c23b38c1fbccfc9a267e875bd177a601484f4e4dbf24
drone_audio,yes_drone/B_S2_D1_113-bebop_000_.wav,B_S2_D1_113-bebop_000_.wav,.wav,1,directory:yes_drone,32876,647f19ee9cc6851514b8b689d0285b7e635ebc8d4d1aba139ec8e9c3148243be
drone_audio,yes_drone/B_S2_D1_113-bebop_001_.wav,B_S2_D1_113-bebop_001_.wav,.wav,1,directory:yes_drone,32876,52e3224d51ae57247b2e65c8cdd3f37c7fde3e600654d327e9726de7a4d13118
drone_audio,yes_drone/B_S2_D1_113-bebop_002_.wav,B_S2_D1_113-bebop_002_.wav,.wav,1,directory:yes_drone,32876,813406d4606754f87f31d4e961498a3ef0555d9120ecef5e391c3fae58ce083f
drone_audio,yes_drone/B_S2_D1_113-bebop_003_.wav,B_S2_D1_113-bebop_003_.wav,.wav,1,directory:yes_drone,32876,e705a8969bea1ce5051fa646a1b8f5218d3464b78883bd0cfb4cc6ddefdfe3bc
drone_audio,yes_drone/B_S2_D1_113-bebop_004_.wav,B_S2_D1_113-bebop_004_.wav,.wav,1,directory:yes_drone,28780,0602c34afec4d7ff3476ef79491889498a6b266c006017304122ae5540b62e3a
drone_audio,yes_drone/B_S2_D1_114-bebop_000_.wav,B_S2_D1_114-bebop_000_.wav,.wav,1,directory:yes_drone,32876,2331ede34fb9629c1cf421ee856dc61d749236cff3b15e4607169d6475a2666b
drone_audio,yes_drone/B_S2_D1_114-bebop_001_.wav,B_S2_D1_114-bebop_001_.wav,.wav,1,directory:yes_drone,32876,ad8affe222c32e6fc104af2f428cacd63661ddf3850d5fa71594a48618efc88d
drone_audio,yes_drone/B_S2_D1_114-bebop_002_.wav,B_S2_D1_114-bebop_002_.wav,.wav,1,directory:yes_drone,32876,709be64f21efcd7a051d8aa8d03bdc76d7375d2b97ab69a05b447ec4e18a2a03
drone_audio,yes_drone/B_S2_D1_114-bebop_003_.wav,B_S2_D1_114-bebop_003_.wav,.wav,1,directory:yes_drone,32876,0755b06d02c2dc20cf2fd6bd71fbbd8067af7aa71d0b01ec7d31f82b01f8ef6b
drone_audio,yes_drone/B_S2_D1_114-bebop_004_.wav,B_S2_D1_114-bebop_004_.wav,.wav,1,directory:yes_drone,28780,ef32ec374e7f41b901364295f09635251e341e736107fd0bf89820a8c031c21a
drone_audio,yes_drone/B_S2_D1_115-bebop_000_.wav,B_S2_D1_115-bebop_000_.wav,.wav,1,directory:yes_drone,32876,c21065dfd1602528798d6ebf67e455e58b4ea00901e348da37403d8dd2ed687f
drone_audio,yes_drone/B_S2_D1_115-bebop_001_.wav,B_S2_D1_115-bebop_001_.wav,.wav,1,directory:yes_drone,32876,8f4ae25ebc2b5d61bedfca436d81e5180bb104a70c841ca3db889ed42679ce4b
drone_audio,yes_drone/B_S2_D1_115-bebop_002_.wav,B_S2_D1_115-bebop_002_.wav,.wav,1,directory:yes_drone,32876,38e6807bd7912f0a4e351d31049a05a8fdac6bba15d1ab081abb616872469c5f
drone_audio,yes_drone/B_S2_D1_115-bebop_003_.wav,B_S2_D1_115-bebop_003_.wav,.wav,1,directory:yes_drone,32876,410ad496c6f20df3b95e6565b9d17a3e33c5c3862c99ade0703f311f98295005
drone_audio,yes_drone/B_S2_D1_115-bebop_004_.wav,B_S2_D1_115-bebop_004_.wav,.wav,1,directory:yes_drone,28780,b2ba5f1c47a5e94e92f3ddfc8819a0385d44ab4e5f66105732b5a5c82eafc746
drone_audio,yes_drone/B_S2_D1_116-bebop_000_.wav,B_S2_D1_116-bebop_000_.wav,.wav,1,directory:yes_drone,32876,1ca74031812ca37fef7702264796b4214d93b9c5af9373cc4916101fe3a7f1b3
drone_audio,yes_drone/B_S2_D1_116-bebop_001_.wav,B_S2_D1_116-bebop_001_.wav,.wav,1,directory:yes_drone,32876,e3b5404380a7aa35904f7d8fc4a76790314fcc2304313a3d06d5144c6faea5ee
drone_audio,yes_drone/B_S2_D1_116-bebop_002_.wav,B_S2_D1_116-bebop_002_.wav,.wav,1,directory:yes_drone,32876,c948eddfcda52ccbf037f2a868f467bffcbae4b0325e46975cd956b0cda0e887
drone_audio,yes_drone/B_S2_D1_116-bebop_003_.wav,B_S2_D1_116-bebop_003_.wav,.wav,1,directory:yes_drone,32876,88d71c6ce1576a6da83d4eef43d5d95f017e35c017277587e35190dbef14521a
drone_audio,yes_drone/B_S2_D1_116-bebop_004_.wav,B_S2_D1_116-bebop_004_.wav,.wav,1,directory:yes_drone,28780,b44a512362bebbdbc4aacc5eaddd84ad04fce207374ac3cff1f56f23a91ba47d
drone_audio,yes_drone/B_S2_D1_117-bebop_000_.wav,B_S2_D1_117-bebop_000_.wav,.wav,1,directory:yes_drone,32876,5b58189acb3729cb5006e5b7bafcb72f4cf86f9f80d66b527ca573f3fb0edc7c
drone_audio,yes_drone/B_S2_D1_117-bebop_001_.wav,B_S2_D1_117-bebop_001_.wav,.wav,1,directory:yes_drone,32876,8daeadd27a9b4b16b788f5a192a692981613ef275a2bdd04f5c67d6b3681dd5f
drone_audio,yes_drone/B_S2_D1_117-bebop_002_.wav,B_S2_D1_117-bebop_002_.wav,.wav,1,directory:yes_drone,32876,5480c3e9c854462baa8a270981a38f6de3901b6f0263038d84e5fe872d2d7d6a
drone_audio,yes_drone/B_S2_D1_117-bebop_003_.wav,B_S2_D1_117-bebop_003_.wav,.wav,1,directory:yes_drone,32876,c1b676803c2ff819426312bd38250d4bfab8ba97f8b15e7d1bbf191266df75b8
drone_audio,yes_drone/B_S2_D1_117-bebop_004_.wav,B_S2_D1_117-bebop_004_.wav,.wav,1,directory:yes_drone,28780,7e0fb9d99b9d216f0a5258e1d4cc48094a93bbd54f54cc3e4b9a14b7eb53f486
drone_audio,yes_drone/B_S2_D1_118-bebop_000_.wav,B_S2_D1_118-bebop_000_.wav,.wav,1,directory:yes_drone,32876,96ef9d38d9f12331e5236d38a347e6fdf29c95c97057a6fa7d1c2392354a4884
drone_audio,yes_drone/B_S2_D1_118-bebop_001_.wav,B_S2_D1_118-bebop_001_.wav,.wav,1,directory:yes_drone,32876,45e95a345c386520c9e773ce958f9b4fe62e6813cd4677697cdbfa4f5eaa96d9
drone_audio,yes_drone/B_S2_D1_118-bebop_002_.wav,B_S2_D1_118-bebop_002_.wav,.wav,1,directory:yes_drone,32876,d257bd24d7149d4dd50432c121fef4ffa331f7166f184354c42045dc52e89370
drone_audio,yes_drone/B_S2_D1_118-bebop_003_.wav,B_S2_D1_118-bebop_003_.wav,.wav,1,directory:yes_drone,32876,a677d7c95d583260ea597c01fc11aab41abed34546a6477dd3175e59c2909069
drone_audio,yes_drone/B_S2_D1_118-bebop_004_.wav,B_S2_D1_118-bebop_004_.wav,.wav,1,directory:yes_drone,28780,518d1dd39c8477abbc74f2293ec7ff43a1b0eb806cef55ef4da285b569efaa90
drone_audio,yes_drone/B_S2_D1_119-bebop_000_.wav,B_S2_D1_119-bebop_000_.wav,.wav,1,directory:yes_drone,32876,6e713a22ae68df1a5b627de9f18fd6ee956ff35cff16f14bc1adc71836c5c5fd
drone_audio,yes_drone/B_S2_D1_119-bebop_001_.wav,B_S2_D1_119-bebop_001_.wav,.wav,1,directory:yes_drone,32876,a6bb8c2a93d5bf369ca337b74d9ab6bd689d44fddad7943078ada9737f0b2c4b
drone_audio,yes_drone/B_S2_D1_119-bebop_002_.wav,B_S2_D1_119-bebop_002_.wav,.wav,1,directory:yes_drone,32876,222eeb555df945ab49044859eec9cdf82ea8960c8711afc6defd78245f9c912f
drone_audio,yes_drone/B_S2_D1_119-bebop_003_.wav,B_S2_D1_119-bebop_003_.wav,.wav,1,directory:yes_drone,32876,8b1255247a66631d77799b7b98f7a84782cd53b4263b1865fb1e2b3404d146cd
drone_audio,yes_drone/B_S2_D1_119-bebop_004_.wav,B_S2_D1_119-bebop_004_.wav,.wav,1,directory:yes_drone,28780,ebf1a7d647b80c182d0845d8cabd79241af6be15b292b67ae9447aaf1344af17
drone_audio,yes_drone/B_S2_D1_120-bebop_000_.wav,B_S2_D1_120-bebop_000_.wav,.wav,1,directory:yes_drone,32876,c399bd0e61e58f132816c93068e6ba637c4a3ac1b2950635d464ec66ac5c5657
drone_audio,yes_drone/B_S2_D1_120-bebop_001_.wav,B_S2_D1_120-bebop_001_.wav,.wav,1,directory:yes_drone,32876,2fe14a430fc55d3ad2fd2ef2c8fb10bcebca7e9df1f65ecc7b79bd6e6cdb7ea0
drone_audio,yes_drone/B_S2_D1_120-bebop_002_.wav,B_S2_D1_120-bebop_002_.wav,.wav,1,directory:yes_drone,32876,072f61c4c4f2d04a1aece0c2eeb96305b6ba4dd76169c3a6a6bd8503c5e25d24
drone_audio,yes_drone/B_S2_D1_120-bebop_003_.wav,B_S2_D1_120-bebop_003_.wav,.wav,1,directory:yes_drone,32876,28e262a0f947dcf242f20d3dc5afd57f0531b6dd2fc2017779f0175f3f973f46
drone_audio,yes_drone/B_S2_D1_120-bebop_004_.wav,B_S2_D1_120-bebop_004_.wav,.wav,1,directory:yes_drone,28780,107ef197af3cf132e8276f2848d492e79881e4216c137d0335be6fa1cdcc04d1
drone_audio,yes_drone/B_S2_D1_121-bebop_000_.wav,B_S2_D1_121-bebop_000_.wav,.wav,1,directory:yes_drone,32876,07e15b17165e457fced7477f49d0fe5904afccb067c017a5e756146d8ca0e228
drone_audio,yes_drone/B_S2_D1_121-bebop_001_.wav,B_S2_D1_121-bebop_001_.wav,.wav,1,directory:yes_drone,32876,27ab656a3d4107dd50bf580f1dd1bd4c21dbe2286b022060dd23884247320749
drone_audio,yes_drone/B_S2_D1_121-bebop_002_.wav,B_S2_D1_121-bebop_002_.wav,.wav,1,directory:yes_drone,32876,356cfbd826fc48d57ddb177b4df5bb963d6ef871c75ee9b49b5f3d6ce119489b
drone_audio,yes_drone/B_S2_D1_121-bebop_003_.wav,B_S2_D1_121-bebop_003_.wav,.wav,1,directory:yes_drone,32876,2649ab64b095437ab81299f5db9cc02af0125fc18e1eb7d625024b63a9e0cc32
drone_audio,yes_drone/B_S2_D1_121-bebop_004_.wav,B_S2_D1_121-bebop_004_.wav,.wav,1,directory:yes_drone,28780,d97fedcb50b624dbbb2c8ca6a6564abcab145f9b08b273436e7aa130b54e264a
drone_audio,yes_drone/B_S2_D1_122-bebop_000_.wav,B_S2_D1_122-bebop_000_.wav,.wav,1,directory:yes_drone,32876,87fa83f26024884e94f7e2bcb1f2b194455f6f992b3c382f73d6e7f87d309d7f
drone_audio,yes_drone/B_S2_D1_122-bebop_001_.wav,B_S2_D1_122-bebop_001_.wav,.wav,1,directory:yes_drone,32876,b482346b98dd5f583496a075a265814cc5a22da6505dd49f54f67e9c1ca9d611
drone_audio,yes_drone/B_S2_D1_122-bebop_002_.wav,B_S2_D1_122-bebop_002_.wav,.wav,1,directory:yes_drone,32876,338902e98153ee7a5d8c02b48263f278557072d2675fd2411a327181ba28ad63
drone_audio,yes_drone/B_S2_D1_122-bebop_003_.wav,B_S2_D1_122-bebop_003_.wav,.wav,1,directory:yes_drone,32876,e3c68fb5d1626fff0af98871b52fd996a8c586e410ca910c9118b7a3806a5bea
drone_audio,yes_drone/B_S2_D1_122-bebop_004_.wav,B_S2_D1_122-bebop_004_.wav,.wav,1,directory:yes_drone,28780,efbd689f10013bc2e53f55ffc9276c7aa41f42a856a3f8807e6a354fae7fc264
drone_audio,yes_drone/B_S2_D1_123-bebop_000_.wav,B_S2_D1_123-bebop_000_.wav,.wav,1,directory:yes_drone,32876,dac2520bc1f4c3a54837d00126f5967948977624534df212d537797dfe0e3584
drone_audio,yes_drone/B_S2_D1_123-bebop_001_.wav,B_S2_D1_123-bebop_001_.wav,.wav,1,directory:yes_drone,32876,ce439078ed200692e3c217b45e0bb15d0dab814c11d6a20bee67bd4922262028
drone_audio,yes_drone/B_S2_D1_123-bebop_002_.wav,B_S2_D1_123-bebop_002_.wav,.wav,1,directory:yes_drone,32876,6b112376f4cf1fbd97633a390239bebe32cc244a701937c4d6cfb7aa4072c96f
drone_audio,yes_drone/B_S2_D1_123-bebop_003_.wav,B_S2_D1_123-bebop_003_.wav,.wav,1,directory:yes_drone,32876,849f7fe61277d7e82a78dff20e2fffdd8c1be502a57b65932356a99eb299dc2e
drone_audio,yes_drone/B_S2_D1_123-bebop_004_.wav,B_S2_D1_123-bebop_004_.wav,.wav,1,directory:yes_drone,28780,d3d008717e415a39b173a297af73d4ce115ea941ca9f46239647f790cf39eed0
drone_audio,yes_drone/B_S2_D1_124-bebop_000_.wav,B_S2_D1_124-bebop_000_.wav,.wav,1,directory:yes_drone,32876,8daa9bb962515bbcd48ebc37db5d3f96b4104f56bce4069ded550a6f880640e6
drone_audio,yes_drone/B_S2_D1_124-bebop_001_.wav,B_S2_D1_124-bebop_001_.wav,.wav,1,directory:yes_drone,32876,3ef438bd83fc13c74e21f85ba392c4c64430b483bffa5662ab9c8713e3c16ec2
drone_audio,yes_drone/B_S2_D1_124-bebop_002_.wav,B_S2_D1_124-bebop_002_.wav,.wav,1,directory:yes_drone,32876,0e67305bc4df4cfe883af78265d353d036bcd3992366f4c8886b8554e1382996
drone_audio,yes_drone/B_S2_D1_124-bebop_003_.wav,B_S2_D1_124-bebop_003_.wav,.wav,1,directory:yes_drone,32876,995200dd1db8b9e8309d7cc3f7b4eb159ae7394b0d642e0695d6fd8dd0398a59
drone_audio,yes_drone/B_S2_D1_124-bebop_004_.wav,B_S2_D1_124-bebop_004_.wav,.wav,1,directory:yes_drone,28780,8cfa82555cac1a7a117e87fa617c8a9a97d554727528f36ad1d854197d48ff38
drone_audio,yes_drone/B_S2_D1_125-bebop_000_.wav,B_S2_D1_125-bebop_000_.wav,.wav,1,directory:yes_drone,32876,659dbef93c9184d56ab262259bbda128bd6583697e4d5672fcc8aba2494fd41c
drone_audio,yes_drone/B_S2_D1_125-bebop_001_.wav,B_S2_D1_125-bebop_001_.wav,.wav,1,directory:yes_drone,32876,9317b22056728e823800808150f836d41d6b7d1b95c0f1c9a8be7627876c8f88
drone_audio,yes_drone/B_S2_D1_125-bebop_002_.wav,B_S2_D1_125-bebop_002_.wav,.wav,1,directory:yes_drone,32876,db84beef8050ee85c4c2d9a63ee1494614651ec470edef1b9c9138da9939e8f0
drone_audio,yes_drone/B_S2_D1_125-bebop_003_.wav,B_S2_D1_125-bebop_003_.wav,.wav,1,directory:yes_drone,32876,02d42d4ad2c2690d5df37e0a23490fb5e19a4efa474f255f4b65787ef4f15490
drone_audio,yes_drone/B_S2_D1_125-bebop_004_.wav,B_S2_D1_125-bebop_004_.wav,.wav,1,directory:yes_drone,28780,8a12f3c381d1d8feba6fc621474f89f55d827452fb43d31846b26d0cbb17bb61
drone_audio,yes_drone/B_S2_D1_126-bebop_000_.wav,B_S2_D1_126-bebop_000_.wav,.wav,1,directory:yes_drone,32876,0ea957839abde1b1bde2ddb05020b30e66732db796c21e95d3a255d39b58838e
drone_audio,yes_drone/B_S2_D1_126-bebop_001_.wav,B_S2_D1_126-bebop_001_.wav,.wav,1,directory:yes_drone,32876,740de1aa013080509f63d2ee6d8136ab504c24aaf8b8a61fe0d943326dc6ff92
drone_audio,yes_drone/B_S2_D1_126-bebop_002_.wav,B_S2_D1_126-bebop_002_.wav,.wav,1,directory:yes_drone,32876,74357132a58b13e660556674f1bd5acdc359ed04afc17987f21b3c8dfde3de4e
drone_audio,yes_drone/B_S2_D1_126-bebop_003_.wav,B_S2_D1_126-bebop_003_.wav,.wav,1,directory:yes_drone,32876,9649eb9b8279d79512e4241664f1d6dcc0caf1795ff02e0e1de79d53b0198734
drone_audio,yes_drone/B_S2_D1_126-bebop_004_.wav,B_S2_D1_126-bebop_004_.wav,.wav,1,directory:yes_drone,28780,d02c18b8c87faeabb54a2cf56b055f86e163c9125b215fbf7b0221afa4f25f73
drone_audio,yes_drone/B_S2_D1_127-bebop_000_.wav,B_S2_D1_127-bebop_000_.wav,.wav,1,directory:yes_drone,32876,607ca57ca3340ef3400d7f611134042cea1d2ea5467a87686b3ec3e7f343405e
drone_audio,yes_drone/B_S2_D1_127-bebop_001_.wav,B_S2_D1_127-bebop_001_.wav,.wav,1,directory:yes_drone,32876,3ac2a74ac2ce32652b8253734ba3c92db1c15a03340dbba34d317ec615c03893
drone_audio,yes_drone/B_S2_D1_127-bebop_002_.wav,B_S2_D1_127-bebop_002_.wav,.wav,1,directory:yes_drone,32876,99efd6fbcd20bbe7e3a8c207672aa0f25285063e31b7aa930748dd64aa38fe34
drone_audio,yes_drone/B_S2_D1_127-bebop_003_.wav,B_S2_D1_127-bebop_003_.wav,.wav,1,directory:yes_drone,32876,129d0111f1f025de60c1b298da0064f4f0004f3ba06e5edf6573e23048f79245
drone_audio,yes_drone/B_S2_D1_127-bebop_004_.wav,B_S2_D1_127-bebop_004_.wav,.wav,1,directory:yes_drone,28780,2b31a6a0a93e452f18730a3197086773215c3913c10c870fd87e02af5d4ec9cc
drone_audio,yes_drone/B_S2_D1_128-bebop_000_.wav,B_S2_D1_128-bebop_000_.wav,.wav,1,directory:yes_drone,32876,b718491e6a282f8ea83cfd2240b2daee63e85df710d420449e0090d12b90a48f
drone_audio,yes_drone/B_S2_D1_128-bebop_001_.wav,B_S2_D1_128-bebop_001_.wav,.wav,1,directory:yes_drone,32876,39fbd38774f797ef4af46d61dd4bec14ae4f18e69b577f75589b08f5807c59db
drone_audio,yes_drone/B_S2_D1_128-bebop_002_.wav,B_S2_D1_128-bebop_002_.wav,.wav,1,directory:yes_drone,32876,fe6f3532fd384ec1934d56720e8c8491c7f589266232dffec1178be270f2234b
drone_audio,yes_drone/B_S2_D1_128-bebop_003_.wav,B_S2_D1_128-bebop_003_.wav,.wav,1,directory:yes_drone,32876,6e378ae04b4ee4d379603f04fec0fc0adae0ab19170d19951f14c2f3dd1faea5
drone_audio,yes_drone/B_S2_D1_128-bebop_004_.wav,B_S2_D1_128-bebop_004_.wav,.wav,1,directory:yes_drone,32876,2c7383230d22b2a3b9fd35b98107bb0b7305b32bf927e3c43f86ad8b3680e5a9
drone_audio,yes_drone/B_S2_D1_129-bebop_000_.wav,B_S2_D1_129-bebop_000_.wav,.wav,1,directory:yes_drone,32876,935730d15fb00767ad4e3c58775da6143ec092da4571b02e1266795618ca82ad
drone_audio,yes_drone/B_S2_D1_129-bebop_001_.wav,B_S2_D1_129-bebop_001_.wav,.wav,1,directory:yes_drone,32876,f49ec549e4d117dd7af77d5c33cb2d44c06385e9f7637f9714d83eba2f62b356
drone_audio,yes_drone/B_S2_D1_129-bebop_002_.wav,B_S2_D1_129-bebop_002_.wav,.wav,1,directory:yes_drone,32876,53be745487ccae3e38ea285b7f2fc4a3c796e1fbb2b539f9d139738c5c581cff
drone_audio,yes_drone/B_S2_D1_129-bebop_003_.wav,B_S2_D1_129-bebop_003_.wav,.wav,1,directory:yes_drone,32876,525e63dc90b010b8a21c8312e5c516a46b4e63d5aebedd07f7fd192d796ddc6a
drone_audio,yes_drone/B_S2_D1_129-bebop_004_.wav,B_S2_D1_129-bebop_004_.wav,.wav,1,directory:yes_drone,28780,a9886c9f815f0294d5f5f4918c17214a593c2c915a0f45d9805ac3f153aab9fc
drone_audio,yes_drone/B_S2_D1_130-bebop_000_.wav,B_S2_D1_130-bebop_000_.wav,.wav,1,directory:yes_drone,32876,4a64fd42d1d716f4c988458ce176d0b29a3bc63dbd1be68ce2c88d7d14390bf9
drone_audio,yes_drone/B_S2_D1_130-bebop_001_.wav,B_S2_D1_130-bebop_001_.wav,.wav,1,directory:yes_drone,32876,baa53de8462fee9bffcfb7aff3df77f27657ead62c54c760149b7041d82fac89
drone_audio,yes_drone/B_S2_D1_130-bebop_002_.wav,B_S2_D1_130-bebop_002_.wav,.wav,1,directory:yes_drone,32876,d5227f4039e6aada0f09a914f1512a84b2bc45bc3f7b081394cd175dc73f996f
drone_audio,yes_drone/B_S2_D1_130-bebop_003_.wav,B_S2_D1_130-bebop_003_.wav,.wav,1,directory:yes_drone,32876,5ab7497aee560ca4b57942edcab1173aef07989db816957e1b46349c5bee8b95
drone_audio,yes_drone/B_S2_D1_130-bebop_004_.wav,B_S2_D1_130-bebop_004_.wav,.wav,1,directory:yes_drone,28780,d8d87e78d5dbce5348773d75fa9140ff0717639640d0c13d6f429a5e275697c5
drone_audio,yes_drone/B_S2_D1_131-bebop_000_.wav,B_S2_D1_131-bebop_000_.wav,.wav,1,directory:yes_drone,32876,c1e8348e2a21aee408f4ab38c2e42965938383b5621c15ea7bda55abb02bf968
drone_audio,yes_drone/B_S2_D1_131-bebop_001_.wav,B_S2_D1_131-bebop_001_.wav,.wav,1,directory:yes_drone,32876,1e782efb8929665e44b7b878d2a9a493ad6ac18ba3a5e6ee5b3d63ab9c024352
drone_audio,yes_drone/B_S2_D1_131-bebop_002_.wav,B_S2_D1_131-bebop_002_.wav,.wav,1,directory:yes_drone,32876,cb163866254c7c58858998e00342f95f0380ae778120548e1c9f5c582e28c751
drone_audio,yes_drone/B_S2_D1_131-bebop_003_.wav,B_S2_D1_131-bebop_003_.wav,.wav,1,directory:yes_drone,32876,af056e95e771dc27c9da0bf834bdc8e469311b56c6e13de9f74dc6ac2b4657fe
drone_audio,yes_drone/B_S2_D1_131-bebop_004_.wav,B_S2_D1_131-bebop_004_.wav,.wav,1,directory:yes_drone,28780,a5572959787d59e62e8bf1e2b41ccd7c8d340d00c13b086e503c2e394fe43d24
drone_audio,yes_drone/B_S2_D1_132-bebop_000_.wav,B_S2_D1_132-bebop_000_.wav,.wav,1,directory:yes_drone,32876,52627e0dcc8b01ad6a430afb177ae6eb943038a9756b4b24b08882240fc17c66
drone_audio,yes_drone/B_S2_D1_132-bebop_001_.wav,B_S2_D1_132-bebop_001_.wav,.wav,1,directory:yes_drone,32876,379bbec36d173e6e70dcd66b5d89d0b8579f8240e02501e0fa628d0adb39652e
drone_audio,yes_drone/B_S2_D1_132-bebop_002_.wav,B_S2_D1_132-bebop_002_.wav,.wav,1,directory:yes_drone,32876,2c8189b1527bb8cf1f02e88171fe9737b37da6730b010a8a3c6c8b2ef9380ea9
drone_audio,yes_drone/B_S2_D1_132-bebop_003_.wav,B_S2_D1_132-bebop_003_.wav,.wav,1,directory:yes_drone,32876,a24bb91e7a87a59aa66c01aa8f7699a84d0f67618425f39100b0f8b85ff1988d
drone_audio,yes_drone/B_S2_D1_132-bebop_004_.wav,B_S2_D1_132-bebop_004_.wav,.wav,1,directory:yes_drone,28780,9a1d624c732b3063b6790fcb518b25e0888e041c1b645dba55daacdb8fed2b48
drone_audio,yes_drone/B_S2_D1_133-bebop_000_.wav,B_S2_D1_133-bebop_000_.wav,.wav,1,directory:yes_drone,24812,d3992768430d5178393bd823f0eecb13ee13ff57ba61bb0590a97bd7dbb5daa3
drone_audio,yes_drone/Membo_0_000-membo_000_.wav,Membo_0_000-membo_000_.wav,.wav,1,directory:yes_drone,32876,d6899115e2f88c5832235cd1bc1b5224f1b280e80852ae0b20efe1786285f7ed
drone_audio,yes_drone/Membo_0_000-membo_001_.wav,Membo_0_000-membo_001_.wav,.wav,1,directory:yes_drone,32876,2ecab71d17299fe81d9d3e7fd076370ab1aea36e9419d0290846355febdd1f63
drone_audio,yes_drone/Membo_0_000-membo_002_.wav,Membo_0_000-membo_002_.wav,.wav,1,directory:yes_drone,32876,7e60f1cdf431b2ee8913ecda35236094ccafed8e6ff6a7340e9a9faf429ca1f4
drone_audio,yes_drone/Membo_0_000-membo_003_.wav,Membo_0_000-membo_003_.wav,.wav,1,directory:yes_drone,32876,da32fb3fee4b135b4b1ac05244995968990f8581637da493a5b6d452de6cdbca
drone_audio,yes_drone/Membo_0_000-membo_004_.wav,Membo_0_000-membo_004_.wav,.wav,1,directory:yes_drone,32876,b34c5781d60049fec676df6e7984502c075dffcb59851fb4c7cf72f39fd047b0
drone_audio,yes_drone/Membo_0_001-membo_000_.wav,Membo_0_001-membo_000_.wav,.wav,1,directory:yes_drone,32876,fb863357603d6f9c54fbde37e51bb7f50f7e333a957d21b99a1fcdb446106eec
drone_audio,yes_drone/Membo_0_001-membo_001_.wav,Membo_0_001-membo_001_.wav,.wav,1,directory:yes_drone,32876,ed9191f55c0319edadd149ff503ceea8a4e2b01fffee19499b6b91523c5d302b
drone_audio,yes_drone/Membo_0_001-membo_002_.wav,Membo_0_001-membo_002_.wav,.wav,1,directory:yes_drone,32876,17ac94542db769fdeb765348aeaee1b136b71b16a245a87f405fc476066f94c8
drone_audio,yes_drone/Membo_0_001-membo_003_.wav,Membo_0_001-membo_003_.wav,.wav,1,directory:yes_drone,32876,0d3bbb878dfe381f39031c74391db9ba84c576e3f635be8b405b258bbec3c63a
drone_audio,yes_drone/Membo_0_001-membo_004_.wav,Membo_0_001-membo_004_.wav,.wav,1,directory:yes_drone,28780,9cd8a3c6c3078f5abfd8692f1f374691beab3a1498b78c471f99e9b5f3856beb
drone_audio,yes_drone/Membo_0_002-membo_000_.wav,Membo_0_002-membo_000_.wav,.wav,1,directory:yes_drone,32876,b9ae526c03605e4ba728c329efa93faaada31b71191a7e48c13f795bde29f817
drone_audio,yes_drone/Membo_0_002-membo_001_.wav,Membo_0_002-membo_001_.wav,.wav,1,directory:yes_drone,32876,f2ece369164107af034a1c7b4fb3f6d9e088f17448cf5cb07d11c36dc6ea3b03
drone_audio,yes_drone/Membo_0_002-membo_002_.wav,Membo_0_002-membo_002_.wav,.wav,1,directory:yes_drone,32876,8498f389ba101d08c927124a844fa2045cad61a37aaf28797cc1ad092231e3da
drone_audio,yes_drone/Membo_0_002-membo_003_.wav,Membo_0_002-membo_003_.wav,.wav,1,directory:yes_drone,32876,7a4fdba162048ea84cb97d058f5d11616bcacc17d686918530b0198bf9fac7b9
drone_audio,yes_drone/Membo_0_002-membo_004_.wav,Membo_0_002-membo_004_.wav,.wav,1,directory:yes_drone,28780,1458b61e443eb3102a58470c9593a09e8a616f11e6ff5723860b4fffe4448cef
drone_audio,yes_drone/Membo_0_003-membo_000_.wav,Membo_0_003-membo_000_.wav,.wav,1,directory:yes_drone,32876,a3ebdb9a3f84eda36927f6b42acb250b3b8ca1fb9b092a218fe039e53789ad92
drone_audio,yes_drone/Membo_0_003-membo_001_.wav,Membo_0_003-membo_001_.wav,.wav,1,directory:yes_drone,32876,02f688309cc7b0f0e0575c6d8b13c1ea5d4f5cbb42079679d4afd521b0d92e63
drone_audio,yes_drone/Membo_0_003-membo_002_.wav,Membo_0_003-membo_002_.wav,.wav,1,directory:yes_drone,32876,3884d69320566fd69eb766852c12be4abdf622cf9143efde6f71688f18dbbc1a
drone_audio,yes_drone/Membo_0_003-membo_003_.wav,Membo_0_003-membo_003_.wav,.wav,1,directory:yes_drone,32876,eff07a25b62e30b4b838f1f50dd514f078dbe9d3229c4ef5611bc54ef42b1176
drone_audio,yes_drone/Membo_0_003-membo_004_.wav,Membo_0_003-membo_004_.wav,.wav,1,directory:yes_drone,28780,f66f68ebc1984cb4e439aaf38f7f76f751bc27ac42dc09acb2def6d39326a26b
drone_audio,yes_drone/Membo_0_004-membo_000_.wav,Membo_0_004-membo_000_.wav,.wav,1,directory:yes_drone,32876,5dd0e9f5541a6d49a17519b30940a650b2dc7bf8ef7668e87b9d178657433178
drone_audio,yes_drone/Membo_0_004-membo_001_.wav,Membo_0_004-membo_001_.wav,.wav,1,directory:yes_drone,32876,540283de8638940c119f553c12c69a18fed6694392fa2f24f27ea497fc11c779
drone_audio,yes_drone/Membo_0_004-membo_002_.wav,Membo_0_004-membo_002_.wav,.wav,1,directory:yes_drone,32876,f61a8e5907e32855b369ab77a616378e7bedf9aaaaee47332544e6cb09ef084c
drone_audio,yes_drone/Membo_0_004-membo_003_.wav,Membo_0_004-membo_003_.wav,.wav,1,directory:yes_drone,32876,13e5ef3a461b2b1fd8605999d85f30456c71cfc96eda34b433a6233d5196a2f1
drone_audio,yes_drone/Membo_0_004-membo_004_.wav,Membo_0_004-membo_004_.wav,.wav,1,directory:yes_drone,28780,28b66c6bf525e2c69df2ce5a4341364af653b488730342a4d80358e8021f1c7d
drone_audio,yes_drone/Membo_0_005-membo_000_.wav,Membo_0_005-membo_000_.wav,.wav,1,directory:yes_drone,32876,a35c4fcf0bccd46ac13e5136025a2f51a63fe2126bd1960525d6851a200c3912
drone_audio,yes_drone/Membo_0_005-membo_001_.wav,Membo_0_005-membo_001_.wav,.wav,1,directory:yes_drone,32876,c71f1ef193977df7efd166edec20d6490b8952682eb5bf96ae5ee3de827d063f
drone_audio,yes_drone/Membo_0_005-membo_002_.wav,Membo_0_005-membo_002_.wav,.wav,1,directory:yes_drone,32876,71a7455bab492771fc45f6449589d787aa2cf5288d499cfa1093fb24a3f3724a
drone_audio,yes_drone/Membo_0_005-membo_003_.wav,Membo_0_005-membo_003_.wav,.wav,1,directory:yes_drone,32876,de57a5b9fdfbe7dc6cdaed40acdf0d9643fbf72ac656ef035fb780719e70f77d
drone_audio,yes_drone/Membo_0_005-membo_004_.wav,Membo_0_005-membo_004_.wav,.wav,1,directory:yes_drone,28780,f7e82a9d2f5544696d2aff6cc6ab040c2a8c74d081306abc3eccdfe6bd18ade2
drone_audio,yes_drone/Membo_0_006-membo_000_.wav,Membo_0_006-membo_000_.wav,.wav,1,directory:yes_drone,32876,6d28ff8ee8b3a1b4ea7e9d7fdb9a25e2dc4ab805e04e8a4f24e8e9b211d8bc05
drone_audio,yes_drone/Membo_0_006-membo_001_.wav,Membo_0_006-membo_001_.wav,.wav,1,directory:yes_drone,32876,8018d4b913e5a614380ba8308010bab35cefe6364454ef012453c36c57f8ff75
drone_audio,yes_drone/Membo_0_006-membo_002_.wav,Membo_0_006-membo_002_.wav,.wav,1,directory:yes_drone,32876,b2d448155c34fbfed1005f42ed7c1d7bd579e4629b097e159c1ce0e5386292d6
drone_audio,yes_drone/Membo_0_006-membo_003_.wav,Membo_0_006-membo_003_.wav,.wav,1,directory:yes_drone,32876,6dd4d8970df6968da74220d0b774646aa8277905fd46588d1787e14d44f97fed
drone_audio,yes_drone/Membo_0_006-membo_004_.wav,Membo_0_006-membo_004_.wav,.wav,1,directory:yes_drone,28780,a63790fefb923cce466f41fac8013b2201ef8bd4121fdac02f6b0b62b533c902
drone_audio,yes_drone/Membo_0_007-membo_000_.wav,Membo_0_007-membo_000_.wav,.wav,1,directory:yes_drone,32876,6b7eb29c67d8dd54093b1e1638d4f5baca8e8756f42cbbd2ae7ae44a23e871aa
drone_audio,yes_drone/Membo_0_007-membo_001_.wav,Membo_0_007-membo_001_.wav,.wav,1,directory:yes_drone,32876,e46921979c6686e72642284a2bbf96f9cce3f61509ad3241db10b4405e03afa4
drone_audio,yes_drone/Membo_0_007-membo_002_.wav,Membo_0_007-membo_002_.wav,.wav,1,directory:yes_drone,32876,826d059fdc4fce015262599b0f55cf4ee211dd5d66161f79aba7b44ca6117c27
drone_audio,yes_drone/Membo_0_007-membo_003_.wav,Membo_0_007-membo_003_.wav,.wav,1,directory:yes_drone,32876,c129ece7910a52be8505faca81e81ab1a793297c57de3dbccfcc587f28132951
drone_audio,yes_drone/Membo_0_007-membo_004_.wav,Membo_0_007-membo_004_.wav,.wav,1,directory:yes_drone,28780,d2edecc7631a923f34cfd8132ce469664c75f9a2692ec4b21fb7129a71342558
drone_audio,yes_drone/Membo_0_008-membo_000_.wav,Membo_0_008-membo_000_.wav,.wav,1,directory:yes_drone,32876,f466bbcb71e2668669e745f0a793b48254c023e443cbe7bd007ecef0781d9717
drone_audio,yes_drone/Membo_0_008-membo_001_.wav,Membo_0_008-membo_001_.wav,.wav,1,directory:yes_drone,32876,78d923bb70b52e12bdb4376b027ef73181b65fcab4f645e11ca7acaff3079d12
drone_audio,yes_drone/Membo_0_008-membo_002_.wav,Membo_0_008-membo_002_.wav,.wav,1,directory:yes_drone,32876,1dcc5914cf556687424b1b865ce32bffe0eb3e9f8ea29ca6ec18bef18237f00c
drone_audio,yes_drone/Membo_0_008-membo_003_.wav,Membo_0_008-membo_003_.wav,.wav,1,directory:yes_drone,32876,41e7b87d9a2d570cf4f33ccaa9f5319f162ce2327c8157c3445de30387a6674e
drone_audio,yes_drone/Membo_0_008-membo_004_.wav,Membo_0_008-membo_004_.wav,.wav,1,directory:yes_drone,28780,dec1376e1448217afaf4c025a4a2b0a0b440d77a876b4cab915e5038b65ede5b
drone_audio,yes_drone/Membo_0_009-membo_000_.wav,Membo_0_009-membo_000_.wav,.wav,1,directory:yes_drone,32876,fcfebb5bc084b3ca28b505302ff6db31f656d806d6fc27fc4137984b999a5a7e
drone_audio,yes_drone/Membo_0_009-membo_001_.wav,Membo_0_009-membo_001_.wav,.wav,1,directory:yes_drone,32876,55117b6d74120da1662f2270d6a79091b875426001b2602baa0013d1bb660ec9
drone_audio,yes_drone/Membo_0_009-membo_002_.wav,Membo_0_009-membo_002_.wav,.wav,1,directory:yes_drone,32876,0037fa0b32a71268ce62a52be3589b6b16824b98b6b1f4065adc617631944be4
drone_audio,yes_drone/Membo_0_009-membo_003_.wav,Membo_0_009-membo_003_.wav,.wav,1,directory:yes_drone,32876,bbdd981812150add80da0e61e2181b9054be2b894b4bf1946f486c68ba4eeda4
drone_audio,yes_drone/Membo_0_009-membo_004_.wav,Membo_0_009-membo_004_.wav,.wav,1,directory:yes_drone,28780,1f4fc2d8bddf9fe38e43a692c5a15cf770fde7f46f5a0f0766ddb64cf94ea865
drone_audio,yes_drone/Membo_0_010-membo_000_.wav,Membo_0_010-membo_000_.wav,.wav,1,directory:yes_drone,32876,6e411ec938ada4d8576940f5e59ae857a0eb716986ef21eda338eae8e5977fd1
drone_audio,yes_drone/Membo_0_010-membo_001_.wav,Membo_0_010-membo_001_.wav,.wav,1,directory:yes_drone,32876,6b0bd81057c5395bded64826bc0c1c3790c85cad96c41d0f7c30710532e10083
drone_audio,yes_drone/Membo_0_010-membo_002_.wav,Membo_0_010-membo_002_.wav,.wav,1,directory:yes_drone,32876,26a68b9c2b95815316b69bcb34786247ecc8010c3d110d0b208e3370790f3fd9
drone_audio,yes_drone/Membo_0_010-membo_003_.wav,Membo_0_010-membo_003_.wav,.wav,1,directory:yes_drone,32876,f1025067d9a471f6bbecfa5035b5f8cbc788c4e638c369061abed1074b58ff9a
drone_audio,yes_drone/Membo_0_010-membo_004_.wav,Membo_0_010-membo_004_.wav,.wav,1,directory:yes_drone,28780,f57fe899ab1035e01fb1dee6e89dcb5884a5ac48b2bc742cfb1696e18f55a517
drone_audio,yes_drone/Membo_0_011-membo_000_.wav,Membo_0_011-membo_000_.wav,.wav,1,directory:yes_drone,32876,6be9dce30d604ae2cff5488550246219f12149a7432690017f49aa7b93574ecf
drone_audio,yes_drone/Membo_0_011-membo_001_.wav,Membo_0_011-membo_001_.wav,.wav,1,directory:yes_drone,32876,18b1843960db03377bb2630bf0f622dcfb456b98d83309f8dcefc7f9458e714e
drone_audio,yes_drone/Membo_0_011-membo_002_.wav,Membo_0_011-membo_002_.wav,.wav,1,directory:yes_drone,32876,4f75c23d0035d3d3b0751a1646898f755a0840e7b80c3687e740e512e075933b
drone_audio,yes_drone/Membo_0_011-membo_003_.wav,Membo_0_011-membo_003_.wav,.wav,1,directory:yes_drone,32876,fb1d69aaeed28a39d8a75d03a4898d738e1929e6958974d3792ff9c2b76fc619
drone_audio,yes_drone/Membo_0_011-membo_004_.wav,Membo_0_011-membo_004_.wav,.wav,1,directory:yes_drone,28780,c4d353c3a866e234b38ebeee507085d92b64c4b156fd71066ea990779b2c4a64
drone_audio,yes_drone/Membo_0_012-membo_000_.wav,Membo_0_012-membo_000_.wav,.wav,1,directory:yes_drone,32876,8bebc76cae8bcf42278ae47199adbde39e0f317d177b672339b34765567bd5c0
drone_audio,yes_drone/Membo_0_012-membo_001_.wav,Membo_0_012-membo_001_.wav,.wav,1,directory:yes_drone,32876,14ffdfcc3e7984af056bfea913f879ac3029c237abeec1094ef6b86e4c1702be
drone_audio,yes_drone/Membo_0_012-membo_002_.wav,Membo_0_012-membo_002_.wav,.wav,1,directory:yes_drone,32876,9865b262b2dc2079f7951a40c31124347e5de346c13b13b0089d5254528f6678
drone_audio,yes_drone/Membo_0_012-membo_003_.wav,Membo_0_012-membo_003_.wav,.wav,1,directory:yes_drone,32876,685c3280b0e94fbda790fca60a31278d78fd5a24160372ea6db7f724a604c225
drone_audio,yes_drone/Membo_0_012-membo_004_.wav,Membo_0_012-membo_004_.wav,.wav,1,directory:yes_drone,28780,02b3554e3d3ea1da53bb95044ff1c5ce341e60ddd1b2e1fd78224d4baa7a7ce3
drone_audio,yes_drone/Membo_0_013-membo_000_.wav,Membo_0_013-membo_000_.wav,.wav,1,directory:yes_drone,32876,4a6e782588fae44d5a97f7b2f92f7f8953de3d116fb557f16d5fe02f7034a2e0
drone_audio,yes_drone/Membo_0_013-membo_001_.wav,Membo_0_013-membo_001_.wav,.wav,1,directory:yes_drone,32876,81a32d5e8a03c746ff88e0353d3dff785b12bbc36e080bdccdad333f00699d7a
drone_audio,yes_drone/Membo_0_013-membo_002_.wav,Membo_0_013-membo_002_.wav,.wav,1,directory:yes_drone,32876,a8d263b9232134e90f17b917d8b43de474524b4296989ed91bff366eb0d2a7f8
drone_audio,yes_drone/Membo_0_013-membo_003_.wav,Membo_0_013-membo_003_.wav,.wav,1,directory:yes_drone,32876,c6ab63f3dfebf5789e069f484e46e17aa1c0706e49589da938df89a6070fd240
drone_audio,yes_drone/Membo_0_013-membo_004_.wav,Membo_0_013-membo_004_.wav,.wav,1,directory:yes_drone,28780,5e1b88c6a7eb1d725ea9a1470b49267fdc56160fb5cfe898ebf075e9c4203000
drone_audio,yes_drone/Membo_0_014-membo_000_.wav,Membo_0_014-membo_000_.wav,.wav,1,directory:yes_drone,32876,7a105d767a5305ecf27a830f1e2ec69953d96950ddf42a3af9a80c8c96152411
drone_audio,yes_drone/Membo_0_014-membo_001_.wav,Membo_0_014-membo_001_.wav,.wav,1,directory:yes_drone,32876,f0248b0844ba3bd04b3922ed08723bc972b2bb9300d86e1bea838d16a2320643
drone_audio,yes_drone/Membo_0_014-membo_002_.wav,Membo_0_014-membo_002_.wav,.wav,1,directory:yes_drone,32876,44022f6d99934777ca43b27095d22f09c80ea6945abcb1fcb46666fae737d030
drone_audio,yes_drone/Membo_0_014-membo_003_.wav,Membo_0_014-membo_003_.wav,.wav,1,directory:yes_drone,32876,1d29e877568ed0451bd7b014850b43138dd0b83175dbbac638fdc67aaa702d05
drone_audio,yes_drone/Membo_0_014-membo_004_.wav,Membo_0_014-membo_004_.wav,.wav,1,directory:yes_drone,28780,acc025fa1ca6be228e794ab4b7385e952974912c0b15cc34958b852397622f3f
drone_audio,yes_drone/Membo_0_015-membo_000_.wav,Membo_0_015-membo_000_.wav,.wav,1,directory:yes_drone,32876,9432b93d6276be9b3d561b7bd4db36ebb3345aa23e120a07aba0b8e338604dcb
drone_audio,yes_drone/Membo_0_015-membo_001_.wav,Membo_0_015-membo_001_.wav,.wav,1,directory:yes_drone,32876,dd477fd40dd2118a8c2c7f6e69efa81a570185618881dff67005b5caed58d104
drone_audio,yes_drone/Membo_0_015-membo_002_.wav,Membo_0_015-membo_002_.wav,.wav,1,directory:yes_drone,32876,fa3ed97e1ee00eaed4ac33094ed1988aa5a1bf4c29992941473420e3a5823335
drone_audio,yes_drone/Membo_0_015-membo_003_.wav,Membo_0_015-membo_003_.wav,.wav,1,directory:yes_drone,32876,907cf2c0af764584e093446a48b51ed2e1c33baea43ebc6ff3b4952d92b6bdbe
drone_audio,yes_drone/Membo_0_015-membo_004_.wav,Membo_0_015-membo_004_.wav,.wav,1,directory:yes_drone,28780,0dd289f96c06af3421e92811fb1074f432cb967bd0e08598db277930f25c6736
drone_audio,yes_drone/Membo_0_016-membo_000_.wav,Membo_0_016-membo_000_.wav,.wav,1,directory:yes_drone,32876,11734487d90933314bf317f2e7745f0f1f05f5f8dcabffa3d792de28ea1767ac
drone_audio,yes_drone/Membo_0_016-membo_001_.wav,Membo_0_016-membo_001_.wav,.wav,1,directory:yes_drone,32876,cf2cc309593b9d8e3c466379a00749e067d1f790e8be9d31cda08a665432f11f
drone_audio,yes_drone/Membo_0_016-membo_002_.wav,Membo_0_016-membo_002_.wav,.wav,1,directory:yes_drone,32876,11f39b7e1a9697a13580f36243707a53a1eeb674d1b65f3a396f0dcca920f8a6
drone_audio,yes_drone/Membo_0_016-membo_003_.wav,Membo_0_016-membo_003_.wav,.wav,1,directory:yes_drone,32876,7fac8e77a5c8b3fb47421b3a03e5efd970682f071e40cdb4db6fdc682f8ed9c4
drone_audio,yes_drone/Membo_0_016-membo_004_.wav,Membo_0_016-membo_004_.wav,.wav,1,directory:yes_drone,32876,04bbc0cc3c5faf87666e017cdd6e7f1a9a5fb8090700b28c969aa85276b6be8b
drone_audio,yes_drone/Membo_0_017-membo_000_.wav,Membo_0_017-membo_000_.wav,.wav,1,directory:yes_drone,32876,8b024ae0a73f958611fc6042ac63d9d7ffb711677c4cdc7dfcf284f481267939
drone_audio,yes_drone/Membo_0_017-membo_001_.wav,Membo_0_017-membo_001_.wav,.wav,1,directory:yes_drone,32876,2fdfcff7bdb7eebadd7ebd9e8e0d41a96d27ccc0f6ab844d0aec9e1d7c2c99d9
drone_audio,yes_drone/Membo_0_017-membo_002_.wav,Membo_0_017-membo_002_.wav,.wav,1,directory:yes_drone,32876,48b5c21d4ba2888054a753d8dbaa06622c5d196eb68177ba2028852ce68705cc
drone_audio,yes_drone/Membo_0_017-membo_003_.wav,Membo_0_017-membo_003_.wav,.wav,1,directory:yes_drone,32876,a4a688c64ff7fb7fc67711c1bd4d66f39c9a1d825d278c650c0d941e647722d7
drone_audio,yes_drone/Membo_0_017-membo_004_.wav,Membo_0_017-membo_004_.wav,.wav,1,directory:yes_drone,28780,ff4ab7bad5b893c054128534d10801ec9c87c559d833a506b47e74dd4381d233
drone_audio,yes_drone/Membo_0_034-membo_000_.wav,Membo_0_034-membo_000_.wav,.wav,1,directory:yes_drone,32876,2f2d55aa720b747986deb55d3912f7f5d8fca9c5c95ab94d1d37e45511b35389
drone_audio,yes_drone/Membo_0_034-membo_001_.wav,Membo_0_034-membo_001_.wav,.wav,1,directory:yes_drone,32876,9364ac1c75776a640604b7d177187861e62127f898007f12814b17c6264ad1a9
drone_audio,yes_drone/Membo_0_034-membo_002_.wav,Membo_0_034-membo_002_.wav,.wav,1,directory:yes_drone,32876,f68a40f9bec80516e5a662cd747ae14f701e5dde4024f0eb3bda728dbfc5c825
drone_audio,yes_drone/Membo_0_034-membo_003_.wav,Membo_0_034-membo_003_.wav,.wav,1,directory:yes_drone,32876,a7a6b1152bc7d6cf7f0376e7a084e54fc86282931400ff83efb2e1ad5605e3ee
drone_audio,yes_drone/Membo_0_034-membo_004_.wav,Membo_0_034-membo_004_.wav,.wav,1,directory:yes_drone,28780,49b2a3c6c4b122a841754d9725ddf4b02cae8cd1f9ef917c2ef9e90cf8e35396
drone_audio,yes_drone/Membo_0_036-membo_000_.wav,Membo_0_036-membo_000_.wav,.wav,1,directory:yes_drone,32876,44abdc5310ef7adbb863a8b198312faf5dfd702e5c94d1b3496cf683763a9c6f
drone_audio,yes_drone/Membo_0_036-membo_001_.wav,Membo_0_036-membo_001_.wav,.wav,1,directory:yes_drone,32876,12b30cfb54d5bc492c991ab7a2cfae1142cb24e224e38ad20596c68a194746a9
drone_audio,yes_drone/Membo_0_036-membo_002_.wav,Membo_0_036-membo_002_.wav,.wav,1,directory:yes_drone,32876,934d03c5a48277da59b43229b7f64b4c80cb1aa6307e8c4d2fc9737331bb53e6
drone_audio,yes_drone/Membo_0_036-membo_003_.wav,Membo_0_036-membo_003_.wav,.wav,1,directory:yes_drone,32876,7c6fd7d6168f5d1936bd7c0c2c388813cb57764f9f6131617070b101f85d727b
drone_audio,yes_drone/Membo_0_036-membo_004_.wav,Membo_0_036-membo_004_.wav,.wav,1,directory:yes_drone,28780,e84537adadbd952015e6583cfca4d0257e0360f9960168b6802d6aae181decfb
drone_audio,yes_drone/Membo_0_037-membo_000_.wav,Membo_0_037-membo_000_.wav,.wav,1,directory:yes_drone,32876,0b53d90e9af9a1e217b201735e982f165a08997b3ee839a92f89d90b2bd2e8f5
drone_audio,yes_drone/Membo_0_037-membo_001_.wav,Membo_0_037-membo_001_.wav,.wav,1,directory:yes_drone,32876,14402387b73314c2c61742b05e8121a409fd1f61bfd5e8ba4daf87313a433c93
drone_audio,yes_drone/Membo_0_037-membo_002_.wav,Membo_0_037-membo_002_.wav,.wav,1,directory:yes_drone,32876,d21c59cf31a2ac2f89e1ff262ef4dc42ab1b74e9b0a8ab5f4db4ebaad32139d1
drone_audio,yes_drone/Membo_0_037-membo_003_.wav,Membo_0_037-membo_003_.wav,.wav,1,directory:yes_drone,32876,3726802ea2e6b5b6031ef439e871c737fcefd2f7ad126841c727e079a9952ee9
drone_audio,yes_drone/Membo_0_037-membo_004_.wav,Membo_0_037-membo_004_.wav,.wav,1,directory:yes_drone,28780,3d75f921783cdfa6140cd0405517e5871ade897f50098dbc7fc532193eb0f203
drone_audio,yes_drone/Membo_0_038-membo_000_.wav,Membo_0_038-membo_000_.wav,.wav,1,directory:yes_drone,32876,cb8c010e6784108563f2d8ba69608ad934d006b73db2b25829b57b0d0172c2d8
drone_audio,yes_drone/Membo_0_038-membo_001_.wav,Membo_0_038-membo_001_.wav,.wav,1,directory:yes_drone,32876,09056fdd3cef54f0c72781c7e28c6b5db9505b4e3a52c1dbb15e9ef348d5ca1a
drone_audio,yes_drone/Membo_0_038-membo_002_.wav,Membo_0_038-membo_002_.wav,.wav,1,directory:yes_drone,32876,58fa2e7f1cca7c2c7a61f9c99421bef74f0ef26e5b75e89784ca91b2763217d1
drone_audio,yes_drone/Membo_0_038-membo_003_.wav,Membo_0_038-membo_003_.wav,.wav,1,directory:yes_drone,32876,2d4725d5de03ad6cd9acde958de5165c8259346985e40d6fa3c80cf7f0432495
drone_audio,yes_drone/Membo_0_038-membo_004_.wav,Membo_0_038-membo_004_.wav,.wav,1,directory:yes_drone,28780,bae506367dbe542ee7ea5c271615c432edc3a52442cb5dbfa79fa45f1273b2c1
drone_audio,yes_drone/Membo_0_039-membo_000_.wav,Membo_0_039-membo_000_.wav,.wav,1,directory:yes_drone,32876,5fe67b9a0f93f009e88d4256d391b78d70ec9cb9d8887b02529154ea3b1c0527
drone_audio,yes_drone/Membo_0_039-membo_001_.wav,Membo_0_039-membo_001_.wav,.wav,1,directory:yes_drone,32876,f4730659ae120a318614ac8dc241ea45a2d214d8c33bbc84aef64f849025443a
drone_audio,yes_drone/Membo_0_039-membo_002_.wav,Membo_0_039-membo_002_.wav,.wav,1,directory:yes_drone,32876,5ae3ef628341dfc6e01440ecad5b423ae66d46d39fe91b01e6fe2d2e935dbd63
drone_audio,yes_drone/Membo_0_039-membo_003_.wav,Membo_0_039-membo_003_.wav,.wav,1,directory:yes_drone,32876,fb9de432a7c18efe83bf01233e037a5d84dd979357ba9c5c9369a93d710851b2
drone_audio,yes_drone/Membo_0_039-membo_004_.wav,Membo_0_039-membo_004_.wav,.wav,1,directory:yes_drone,28780,fbc584e6cf3dca241af849b0dc9307c1e33cd9fb9df9d1c86ecfcd22f26fc5d9
drone_audio,yes_drone/Membo_0_040-membo_000_.wav,Membo_0_040-membo_000_.wav,.wav,1,directory:yes_drone,32876,b3a908aa7ce811224ee61517a52ff8d2503a6735f23a10e83edc0b82a3856f73
drone_audio,yes_drone/Membo_0_040-membo_001_.wav,Membo_0_040-membo_001_.wav,.wav,1,directory:yes_drone,32876,09daed87e0d0d1174f63927063bc577393c7683ee0c328f23fa563474d6a97a3
drone_audio,yes_drone/Membo_0_040-membo_002_.wav,Membo_0_040-membo_002_.wav,.wav,1,directory:yes_drone,32876,2dd2dd47f42ba5018f587ac88598d1e2621a232d588f34a8022237de9060938e
drone_audio,yes_drone/Membo_0_040-membo_003_.wav,Membo_0_040-membo_003_.wav,.wav,1,directory:yes_drone,32876,5bf566d902e4242a226ded36905834921606e6632b1fbd00e23955fee4a7ee57
drone_audio,yes_drone/Membo_0_040-membo_004_.wav,Membo_0_040-membo_004_.wav,.wav,1,directory:yes_drone,28780,524d338a289f588f327f506d42c84d2fa7ae5b0053ff4619cf1d39c16e2a3afe
drone_audio,yes_drone/Membo_0_041-membo_000_.wav,Membo_0_041-membo_000_.wav,.wav,1,directory:yes_drone,32876,4d26d695c9abd7f3dabe4a928b8cac07535008f46ebf16e23c3f174c0e803c61
drone_audio,yes_drone/Membo_0_041-membo_001_.wav,Membo_0_041-membo_001_.wav,.wav,1,directory:yes_drone,32876,8d250de7b9796d73a656d995538073edfacf74b7680f5be4ec24b35fb36640ce
drone_audio,yes_drone/Membo_0_041-membo_002_.wav,Membo_0_041-membo_002_.wav,.wav,1,directory:yes_drone,32876,afdaa00ecfdb643282a56ddba806f04ee3891c946171273b6d72558fc1c56976
drone_audio,yes_drone/Membo_0_041-membo_003_.wav,Membo_0_041-membo_003_.wav,.wav,1,directory:yes_drone,32876,5c6e2a64a1ffc3bbd5e454c65df7fcaaf2426e6033d6a9736f3a4f2692b20478
drone_audio,yes_drone/Membo_0_041-membo_004_.wav,Membo_0_041-membo_004_.wav,.wav,1,directory:yes_drone,28780,88c11c1ade304748f62798e6edbd7d8179797ddcfb5f92b26e1772687abbde64
drone_audio,yes_drone/Membo_1_000-membo_000_.wav,Membo_1_000-membo_000_.wav,.wav,1,directory:yes_drone,32876,c39380ab18598e9c09034142288644c9053351c1390df5cdee82ac03ef4de0f3
drone_audio,yes_drone/Membo_1_000-membo_001_.wav,Membo_1_000-membo_001_.wav,.wav,1,directory:yes_drone,32876,e69b3cf084144c7a7720067f8389cd8881d23064d4b658ac8a9ccc4864ef206e
drone_audio,yes_drone/Membo_1_000-membo_002_.wav,Membo_1_000-membo_002_.wav,.wav,1,directory:yes_drone,32876,4a7b5503f8599b0c6c0ec035d7712f24347b65bbf478fee883891938c271d4ae
drone_audio,yes_drone/Membo_1_000-membo_003_.wav,Membo_1_000-membo_003_.wav,.wav,1,directory:yes_drone,32876,1a034f808b773bbd7ddb7d0a046da20e3fa29eba3f4b041100fac7d21875b158
drone_audio,yes_drone/Membo_1_000-membo_004_.wav,Membo_1_000-membo_004_.wav,.wav,1,directory:yes_drone,32876,907938c483b6ac07dd12ad40f01f240b1851b70c83927682e7f23cab24003576
drone_audio,yes_drone/Membo_1_001-membo_000_.wav,Membo_1_001-membo_000_.wav,.wav,1,directory:yes_drone,32876,33c487b59b872ecd5aa73e0f36efd77decb6838f5c47c5a98804654e958c8fb5
drone_audio,yes_drone/Membo_1_001-membo_001_.wav,Membo_1_001-membo_001_.wav,.wav,1,directory:yes_drone,32876,f1a42d2fe46c17eb426b558861e17bb3cdbe3d89ca6286ae5dc2cbef24ba3620
drone_audio,yes_drone/Membo_1_001-membo_002_.wav,Membo_1_001-membo_002_.wav,.wav,1,directory:yes_drone,32876,17827ac483337b3b72680d653220cdb88a8c172b8f1f2217a20d17e116addd9a
drone_audio,yes_drone/Membo_1_001-membo_003_.wav,Membo_1_001-membo_003_.wav,.wav,1,directory:yes_drone,32876,28f2ffa9c6936c7b6fc83d4cdd027fbee8f6880fb1c53a52c9dfdf344d6b748c
drone_audio,yes_drone/Membo_1_001-membo_004_.wav,Membo_1_001-membo_004_.wav,.wav,1,directory:yes_drone,28780,b5dd4baa7c6a21381d222f5e8f3870553f14e6f42982eb14d3a379d950c6712d
drone_audio,yes_drone/Membo_1_002-membo_000_.wav,Membo_1_002-membo_000_.wav,.wav,1,directory:yes_drone,32876,a4b513ec2cf0f336d1a180b809b436b3a46f7b2f54d3baf52240777b41b48ecf
drone_audio,yes_drone/Membo_1_002-membo_001_.wav,Membo_1_002-membo_001_.wav,.wav,1,directory:yes_drone,32876,5f1a23e5ac3a16c1c8729ffd680433aa5af2d2c75ab0735e73bb1a71c4417310
drone_audio,yes_drone/Membo_1_002-membo_002_.wav,Membo_1_002-membo_002_.wav,.wav,1,directory:yes_drone,32876,df0fe21a54a9e5635eb48ae3f4b2fdce4a0eeaaaa0d30f08036c7bc12ea87ad1
drone_audio,yes_drone/Membo_1_002-membo_003_.wav,Membo_1_002-membo_003_.wav,.wav,1,directory:yes_drone,32876,450b3e7cf11683ce2f2cdee5f40bafec3287f65bb503eaafde89fb8f138c4522
drone_audio,yes_drone/Membo_1_002-membo_004_.wav,Membo_1_002-membo_004_.wav,.wav,1,directory:yes_drone,28780,49e225d1c6468e68cd9bf4145e549cb5f1935dc6ad9d24fa00dffdbbddf33168
drone_audio,yes_drone/Membo_1_004-membo_000_.wav,Membo_1_004-membo_000_.wav,.wav,1,directory:yes_drone,32876,e8501ae0da1cbb6792614cc33505ba13dc449520043c61fd4edfb76c369f320e
drone_audio,yes_drone/Membo_1_004-membo_001_.wav,Membo_1_004-membo_001_.wav,.wav,1,directory:yes_drone,32876,7ca9d9469028c1c3a80913290e2631502c030f4e7ef4e6f955cd8576b86e6b25
drone_audio,yes_drone/Membo_1_004-membo_002_.wav,Membo_1_004-membo_002_.wav,.wav,1,directory:yes_drone,32876,8feebbddd4153f8a2b54d8f84a42abdd0f5dbf7483f4f266faaf06e7412a29f5
drone_audio,yes_drone/Membo_1_004-membo_003_.wav,Membo_1_004-membo_003_.wav,.wav,1,directory:yes_drone,32876,82be135f0fa38ced8bece7afb3a0f5bdc1acdb45bf1ec21754b8fc74200bc92b
drone_audio,yes_drone/Membo_1_004-membo_004_.wav,Membo_1_004-membo_004_.wav,.wav,1,directory:yes_drone,28780,e987c2a0e5720be087b5faeff58f9aed91e940b26cb663bcf05227c0c369a168
drone_audio,yes_drone/Membo_1_029-membo_000_.wav,Membo_1_029-membo_000_.wav,.wav,1,directory:yes_drone,32876,aa8f9574a3ff6dd15492a5c137e671619bd950cec5e73ba121da940bd8b280f8
drone_audio,yes_drone/Membo_1_029-membo_001_.wav,Membo_1_029-membo_001_.wav,.wav,1,directory:yes_drone,32876,5c208b88fe5b2ad2b271e8eb00f8ec79a11460d24e0f2ff513ba9798835c4477
drone_audio,yes_drone/Membo_1_029-membo_002_.wav,Membo_1_029-membo_002_.wav,.wav,1,directory:yes_drone,32876,e06c15a951e6af9af10f6e813216f81fa4be9e67508d6c9242a4e83182e55a8c
drone_audio,yes_drone/Membo_1_029-membo_003_.wav,Membo_1_029-membo_003_.wav,.wav,1,directory:yes_drone,32876,48d413657c156dd4d0cb48169157bae2dbe57f2df166306b2cc0d90ad82177a6
drone_audio,yes_drone/Membo_1_029-membo_004_.wav,Membo_1_029-membo_004_.wav,.wav,1,directory:yes_drone,28780,14eb24183b6c05d897eb3db3b572af2f642c9a20a28ccc85e512f49893475a98
drone_audio,yes_drone/Membo_1_030-membo_000_.wav,Membo_1_030-membo_000_.wav,.wav,1,directory:yes_drone,32876,893eea76e8736a7f33338e5bb20a210273b1596f9bbee3a8dfa01d7e0e2fb664
drone_audio,yes_drone/Membo_1_030-membo_001_.wav,Membo_1_030-membo_001_.wav,.wav,1,directory:yes_drone,32876,9f0b306061d22177130f2c109b6c1b165d2168650ae82b68892ca418f5f95d0d
drone_audio,yes_drone/Membo_1_030-membo_002_.wav,Membo_1_030-membo_002_.wav,.wav,1,directory:yes_drone,32876,e74c28dda714b22879709fe4ceb69ffc6880343df477efe752500ea98c508285
drone_audio,yes_drone/Membo_1_030-membo_003_.wav,Membo_1_030-membo_003_.wav,.wav,1,directory:yes_drone,32876,a20838a4bd73c4d6e0b7959786c70828294af578a62176e53efbb14ef3419413
drone_audio,yes_drone/Membo_1_030-membo_004_.wav,Membo_1_030-membo_004_.wav,.wav,1,directory:yes_drone,28780,e51a32945cb0fea54574a85b6a799e2ed788aaf7d88bb95ea4a3eef59c4152be
drone_audio,yes_drone/Membo_1_031-membo_000_.wav,Membo_1_031-membo_000_.wav,.wav,1,directory:yes_drone,32876,0bae11e99252fb771d67df46ea865f908200525824b9f958cf73bc051d440a12
drone_audio,yes_drone/Membo_1_031-membo_001_.wav,Membo_1_031-membo_001_.wav,.wav,1,directory:yes_drone,32876,a6fdddb7e672b1691d0b6002da9ac7aebb54c6687eaca7e7588b5c59d5577c4c
drone_audio,yes_drone/Membo_1_031-membo_002_.wav,Membo_1_031-membo_002_.wav,.wav,1,directory:yes_drone,32876,ef7eaa5838f42710fb68ea4bad86785d6097fce3cc3bd73cd1a1c4c885401346
drone_audio,yes_drone/Membo_1_031-membo_003_.wav,Membo_1_031-membo_003_.wav,.wav,1,directory:yes_drone,32876,e840152f8f7a6ef242938f54a84edfa504a8499f0f2d0ae58f461dbc5864f02f
drone_audio,yes_drone/Membo_1_031-membo_004_.wav,Membo_1_031-membo_004_.wav,.wav,1,directory:yes_drone,28780,2b14bdef1ad4e2f1d94a1baf636d972b8c4cfc9d4cec7fa510857256a28b2f01
drone_audio,yes_drone/Membo_1_032-membo_000_.wav,Membo_1_032-membo_000_.wav,.wav,1,directory:yes_drone,32876,faf6deaf76ab4f997525ed27fce88bdb4d7d02139b30f3379c0dee94b5fafd79
drone_audio,yes_drone/Membo_1_032-membo_001_.wav,Membo_1_032-membo_001_.wav,.wav,1,directory:yes_drone,32876,74c94d94a1f4998b12f41dd0f4a928dda5eacfe6974088d93615edb5acc0006a
drone_audio,yes_drone/Membo_1_032-membo_002_.wav,Membo_1_032-membo_002_.wav,.wav,1,directory:yes_drone,32876,071f2442db92c19fc0ba634784224578a3214f395910c16e31df0deb3002bd59
drone_audio,yes_drone/Membo_1_032-membo_003_.wav,Membo_1_032-membo_003_.wav,.wav,1,directory:yes_drone,32876,b859fba22cb2337996e43b6723ae8730f435cc754c5e6d0479ed70ca27ed8b5a
drone_audio,yes_drone/Membo_1_032-membo_004_.wav,Membo_1_032-membo_004_.wav,.wav,1,directory:yes_drone,32876,952954b72ac012cb5a1b1084f0454bdefa6519a14b286cc1b5fb2580470a0c4f
drone_audio,yes_drone/Membo_1_033-membo_000_.wav,Membo_1_033-membo_000_.wav,.wav,1,directory:yes_drone,32876,9f5c9540e2f05f378c214450d0e6a911e58e0a49016f3987f45e42123bd3bf5c
drone_audio,yes_drone/Membo_1_033-membo_001_.wav,Membo_1_033-membo_001_.wav,.wav,1,directory:yes_drone,32876,565abcb7ee149835117c5069b4ae119c32292030110fe1f57b655254578970bd
drone_audio,yes_drone/Membo_1_033-membo_002_.wav,Membo_1_033-membo_002_.wav,.wav,1,directory:yes_drone,32876,46907147e63f8982a63eabc2b4da28f077747cc423c82e697897434e59959db1
drone_audio,yes_drone/Membo_1_033-membo_003_.wav,Membo_1_033-membo_003_.wav,.wav,1,directory:yes_drone,32876,a3c95add02041f04cbcc3e9ecbb5d5d9f71055ee6aa5cbeabe7075fe00d7ef73
drone_audio,yes_drone/Membo_1_033-membo_004_.wav,Membo_1_033-membo_004_.wav,.wav,1,directory:yes_drone,28780,a3ca2d2cf0e156fce3718de86e9d47b202863e19918461e3e4440385dd32ab3d
drone_audio,yes_drone/Membo_1_034-membo_000_.wav,Membo_1_034-membo_000_.wav,.wav,1,directory:yes_drone,32876,9877f73f6aab6801b1aeb62ce0901c6e9f0727a0bb70233e7fe10bba88738661
drone_audio,yes_drone/Membo_1_034-membo_001_.wav,Membo_1_034-membo_001_.wav,.wav,1,directory:yes_drone,32876,edcf2d339bf570da01b9b45a58633142af49281e7e02459d5aa47f69f7b9fbfe
drone_audio,yes_drone/Membo_1_034-membo_002_.wav,Membo_1_034-membo_002_.wav,.wav,1,directory:yes_drone,32876,1fdbc24fc4e194d182e0b7722ea3f6fb8b6ae8e8e8bccfb9cc5789369c5d6928
drone_audio,yes_drone/Membo_1_034-membo_003_.wav,Membo_1_034-membo_003_.wav,.wav,1,directory:yes_drone,32876,911ab220c4c9d76289844e1ea311821d187bd01f61bd91f56d22205f49342c6e
drone_audio,yes_drone/Membo_1_034-membo_004_.wav,Membo_1_034-membo_004_.wav,.wav,1,directory:yes_drone,28780,c0a73f198d3a83efd24222d31a220d1a54b344009862761fe793f848f64626ed
drone_audio,yes_drone/Membo_1_041-membo_000_.wav,Membo_1_041-membo_000_.wav,.wav,1,directory:yes_drone,32876,074d006b1705070618904b4b7920be9d18996dd10b3d72a5d3c6b96743f77ecd
drone_audio,yes_drone/Membo_1_041-membo_001_.wav,Membo_1_041-membo_001_.wav,.wav,1,directory:yes_drone,32876,80b64dafc8adc92c630a45311598bcd3eaac7ec468415cdae31b9f9dd0cf980a
drone_audio,yes_drone/Membo_1_041-membo_002_.wav,Membo_1_041-membo_002_.wav,.wav,1,directory:yes_drone,32876,30e74635600a7edc2de117a05ca5e839cf76030519832a36f0bff252537abe6f
drone_audio,yes_drone/Membo_1_041-membo_003_.wav,Membo_1_041-membo_003_.wav,.wav,1,directory:yes_drone,32876,b858b3b95263dc2c21ea464c19447d2ebd6b246e462e89cc1c9179904991159d
drone_audio,yes_drone/Membo_1_041-membo_004_.wav,Membo_1_041-membo_004_.wav,.wav,1,directory:yes_drone,28780,c5a52d82dea75fd92510d52233d0ce296dce27cd5c9dbc84171bcb708945ca17
drone_audio,yes_drone/Membo_1_042-membo_000_.wav,Membo_1_042-membo_000_.wav,.wav,1,directory:yes_drone,32876,b78486bff9cd4ca6c7528384d3348a71c1d09d0a423c4a9199090b4f1fa6eebf
drone_audio,yes_drone/Membo_1_042-membo_001_.wav,Membo_1_042-membo_001_.wav,.wav,1,directory:yes_drone,32876,87be06a3922bc8b0e4cc9cf38eb84b61fdff84e360629aaa29322af10c0ac409
drone_audio,yes_drone/Membo_1_042-membo_002_.wav,Membo_1_042-membo_002_.wav,.wav,1,directory:yes_drone,32876,08ab77907b0c10dbf042b0732f95229f951bc7701dc7a9e27b7b3f6a61130c0d
drone_audio,yes_drone/Membo_1_042-membo_003_.wav,Membo_1_042-membo_003_.wav,.wav,1,directory:yes_drone,32876,0542defd6461f01537a6a1d3a274e98631a67f8b842ee14f6eb9a36550f07558
drone_audio,yes_drone/Membo_1_042-membo_004_.wav,Membo_1_042-membo_004_.wav,.wav,1,directory:yes_drone,28780,1bdccfcf3615cbd103bd8e0993f813fdf72d38e53379b3ea14077e6c9d3499fa
drone_audio,yes_drone/Membo_1_043-membo_000_.wav,Membo_1_043-membo_000_.wav,.wav,1,directory:yes_drone,32876,25c8cac29a8a48ed22716d897aa70f8b2b8d4dee0847b11fdf7c9c67710512be
drone_audio,yes_drone/Membo_1_043-membo_001_.wav,Membo_1_043-membo_001_.wav,.wav,1,directory:yes_drone,32876,21e73597e4d07e0ee063701ec584781bea81f2f73e777111924600ef4333b782
drone_audio,yes_drone/Membo_1_043-membo_002_.wav,Membo_1_043-membo_002_.wav,.wav,1,directory:yes_drone,32876,3f00d06220b25bbe2649fdb5dc1bb37ef6801f397cf98750d134eeb0aac635fa
drone_audio,yes_drone/Membo_1_043-membo_003_.wav,Membo_1_043-membo_003_.wav,.wav,1,directory:yes_drone,32876,335200df342ed83be0d4482d6b511eddccc2e0ba3bf90a709a6fc17fefca7be0
drone_audio,yes_drone/Membo_1_043-membo_004_.wav,Membo_1_043-membo_004_.wav,.wav,1,directory:yes_drone,28780,13ab5c449bb70a7159e11c62958e10a0ef8e6d60d8ac207c433cb9dc05dad420
drone_audio,yes_drone/Membo_1_044-membo_000_.wav,Membo_1_044-membo_000_.wav,.wav,1,directory:yes_drone,32876,a3c96daabffc5e6c85f237f96301147ad4a21135d3a5d4bf8bbb3be2d4c7989b
drone_audio,yes_drone/Membo_1_044-membo_001_.wav,Membo_1_044-membo_001_.wav,.wav,1,directory:yes_drone,32876,c58f539a655d966f57dd86a00c7815afc6ec6d5a7d13a349083b9e9a1af2d68b
drone_audio,yes_drone/Membo_1_044-membo_002_.wav,Membo_1_044-membo_002_.wav,.wav,1,directory:yes_drone,32876,517c9a803d264c9ada71c3a6b978e83e2311d18c8cfb1cbd39e7d659267fbf8a
drone_audio,yes_drone/Membo_1_044-membo_003_.wav,Membo_1_044-membo_003_.wav,.wav,1,directory:yes_drone,32876,5f7a49210140913a6f9b9c01801aa79e323850d7ec48482e14ce7b20f0829360
drone_audio,yes_drone/Membo_1_044-membo_004_.wav,Membo_1_044-membo_004_.wav,.wav,1,directory:yes_drone,28780,630b944391f2b2d32202a3ae71d2aaa4268fc50f084cbe26cc74f7fda41e3a3b
drone_audio,yes_drone/Membo_1_045-membo_000_.wav,Membo_1_045-membo_000_.wav,.wav,1,directory:yes_drone,32876,6f9c3d8ac4b94e5ea6bc5f0ab7430fce1329d7b25988827deb5de1fe72902bea
drone_audio,yes_drone/Membo_1_045-membo_001_.wav,Membo_1_045-membo_001_.wav,.wav,1,directory:yes_drone,32876,833f99d5274e87f23a4b8c530a7faa0f506266157f9e48ce3a19b514b57e313a
drone_audio,yes_drone/Membo_1_045-membo_002_.wav,Membo_1_045-membo_002_.wav,.wav,1,directory:yes_drone,32876,8240850b09e40dac9c2b4be77c3795100f1a6a4194897c14cac8e63199fd97bf
drone_audio,yes_drone/Membo_1_045-membo_003_.wav,Membo_1_045-membo_003_.wav,.wav,1,directory:yes_drone,32876,4974f4ccad706055b5e747eeb6b89e2bd4563ef7a00afe82135bb95a9c88d3f1
drone_audio,yes_drone/Membo_1_045-membo_004_.wav,Membo_1_045-membo_004_.wav,.wav,1,directory:yes_drone,28780,a27016860468d4e6ad14a44267e882642835603e597346dd960e7084bf47ea65
drone_audio,yes_drone/Membo_1_046-membo_000_.wav,Membo_1_046-membo_000_.wav,.wav,1,directory:yes_drone,32876,d6d9fee402bd0c968d24c85c155097fe0c725c196785189c9693f0da17419ff0
drone_audio,yes_drone/Membo_1_046-membo_001_.wav,Membo_1_046-membo_001_.wav,.wav,1,directory:yes_drone,32876,273fe622a1c9389d3b1ee2392b693fc4d2f992894563677e7a63106f08070c70
drone_audio,yes_drone/Membo_1_046-membo_002_.wav,Membo_1_046-membo_002_.wav,.wav,1,directory:yes_drone,32876,a81292eef7b76b47b96bb2421908f23647fd4b6c283b8ae6ada099c4ac08f4c9
drone_audio,yes_drone/Membo_1_046-membo_003_.wav,Membo_1_046-membo_003_.wav,.wav,1,directory:yes_drone,32876,e967ace5eeccf37e09df35946f14d7e4916b427787e8418f61643275520103cf
drone_audio,yes_drone/Membo_1_046-membo_004_.wav,Membo_1_046-membo_004_.wav,.wav,1,directory:yes_drone,28780,1def19069582b4d4200dba68643f989e1be647ae0058727e2b95b81e10b2f9c0
drone_audio,yes_drone/Membo_1_047-membo_000_.wav,Membo_1_047-membo_000_.wav,.wav,1,directory:yes_drone,32876,b11dae7802e87c9d18a402d01a5311c40a62fa93077bac361481e66ed788e22d
drone_audio,yes_drone/Membo_1_047-membo_001_.wav,Membo_1_047-membo_001_.wav,.wav,1,directory:yes_drone,32876,9dc87873f9a3d9b54f380ca910ae8cb5f6540c7fd92ef8ac5044b856efd27f49
drone_audio,yes_drone/Membo_1_047-membo_002_.wav,Membo_1_047-membo_002_.wav,.wav,1,directory:yes_drone,32876,1c44997d1d0ccf176e2b95735f9c066c6b9fbf08748ad0844dff58abe2a4129d
drone_audio,yes_drone/Membo_1_047-membo_003_.wav,Membo_1_047-membo_003_.wav,.wav,1,directory:yes_drone,32876,90f604c7d77c179d41fdeb6638abf65055ed2a52516c3cbec5dee09415a7079e
drone_audio,yes_drone/Membo_1_047-membo_004_.wav,Membo_1_047-membo_004_.wav,.wav,1,directory:yes_drone,28780,e3ff2d3aa524fd1f50b00f706e992ad3f8264bd426581c2202beb4d60939301b
drone_audio,yes_drone/Membo_1_048-membo_000_.wav,Membo_1_048-membo_000_.wav,.wav,1,directory:yes_drone,32876,3ab85f18cbb0d466171ee67f476d08c3f3f919873050e75ee9e1c09bc236931f
drone_audio,yes_drone/Membo_1_048-membo_001_.wav,Membo_1_048-membo_001_.wav,.wav,1,directory:yes_drone,32876,d80b203e4176e512885a6ed4d917214691beaf8ce4e630c73a642d22c6b53d5a
drone_audio,yes_drone/Membo_1_048-membo_002_.wav,Membo_1_048-membo_002_.wav,.wav,1,directory:yes_drone,32876,642d3b2094f12e90bd3057043456a514b2a741b353fb8e2fa871837fc7e7b1b2
drone_audio,yes_drone/Membo_1_048-membo_003_.wav,Membo_1_048-membo_003_.wav,.wav,1,directory:yes_drone,32876,e833865a33a14151a8d79dadbbf620c14ac9edbdbf93b3c29ea84a46cf8023a5
drone_audio,yes_drone/Membo_1_048-membo_004_.wav,Membo_1_048-membo_004_.wav,.wav,1,directory:yes_drone,32876,9468b58c092e143f6a0fac7b11881db7e7be4eff35cb8c9feef0de59b606f04b
drone_audio,yes_drone/Membo_2_010-membo_000_.wav,Membo_2_010-membo_000_.wav,.wav,1,directory:yes_drone,32876,522e5ae79288a09a787e24a80eb3e787fb8e5bf22d871b1db0b7999596609216
drone_audio,yes_drone/Membo_2_010-membo_001_.wav,Membo_2_010-membo_001_.wav,.wav,1,directory:yes_drone,32876,f828e644f2a1cb4867eab9487b9b11831eb4347967d9b235ef57d09a19698dce
drone_audio,yes_drone/Membo_2_010-membo_002_.wav,Membo_2_010-membo_002_.wav,.wav,1,directory:yes_drone,32876,e729f86c84bdd6b791f0214ee43bd8807063f394ad517c39ee5bcaa5ba502e12
drone_audio,yes_drone/Membo_2_010-membo_003_.wav,Membo_2_010-membo_003_.wav,.wav,1,directory:yes_drone,32876,810402afed63cfb0875d2b9316ade601a1b8a4d48c30c5555badf84d885ba4f6
drone_audio,yes_drone/Membo_2_010-membo_004_.wav,Membo_2_010-membo_004_.wav,.wav,1,directory:yes_drone,28780,b53d77b2a2a96b28f27ee814a838af1d8cbe4bcf5ce871e0d61528cea14cd26f
drone_audio,yes_drone/Membo_2_011-membo_000_.wav,Membo_2_011-membo_000_.wav,.wav,1,directory:yes_drone,32876,472f9f2f95f69e7b31dd306177e3817ddbc79e6fd211495b304f669cf07e3222
drone_audio,yes_drone/Membo_2_011-membo_001_.wav,Membo_2_011-membo_001_.wav,.wav,1,directory:yes_drone,32876,c207a8e8e6bf63240e63f6102fa5263bdef0bee6e23f0403ac7c2a5b1ee61ecc
drone_audio,yes_drone/Membo_2_011-membo_002_.wav,Membo_2_011-membo_002_.wav,.wav,1,directory:yes_drone,32876,db61b7c66b20e0379c7be58964b6970fdc1d0d5c91bc13bdc8b40f8357b48c5c
drone_audio,yes_drone/Membo_2_011-membo_003_.wav,Membo_2_011-membo_003_.wav,.wav,1,directory:yes_drone,32876,3d6b5c54f69e1cc3c21fdaa53aa0ccffa261d63f6464e90f7ca800fe2d4a02fd
drone_audio,yes_drone/Membo_2_011-membo_004_.wav,Membo_2_011-membo_004_.wav,.wav,1,directory:yes_drone,28780,acdc9a2d1040c38610f63a0da8fb6b8aa2aeed2123cca82901bd8b15b22c7852
drone_audio,yes_drone/Membo_2_013-membo_000_.wav,Membo_2_013-membo_000_.wav,.wav,1,directory:yes_drone,32876,78998cd3d36e90b1ffbe26d93c31c41c3ac58aa140a30f2853ca307a115e8075
drone_audio,yes_drone/Membo_2_013-membo_001_.wav,Membo_2_013-membo_001_.wav,.wav,1,directory:yes_drone,32876,ee677fb694ab87b6a304cfd4bafe60b969b0db7c371f51a352eb75d1f7dba993
drone_audio,yes_drone/Membo_2_013-membo_002_.wav,Membo_2_013-membo_002_.wav,.wav,1,directory:yes_drone,32876,ecd9da08edcee0b24d7b54ddd236ccb91fc9e727d7e79f2c69d7905b555d6aa3
drone_audio,yes_drone/Membo_2_013-membo_003_.wav,Membo_2_013-membo_003_.wav,.wav,1,directory:yes_drone,32876,3502af005101021bc8dec4a2a62ed39bb23c0af1f22988d9ce655ca3f563c8b5
drone_audio,yes_drone/Membo_2_013-membo_004_.wav,Membo_2_013-membo_004_.wav,.wav,1,directory:yes_drone,28780,2c07fd666d00ae7bc1ed1e889ddd846301c789f81ea1dfe46732e7642cccaa11
drone_audio,yes_drone/Membo_2_014-membo_000_.wav,Membo_2_014-membo_000_.wav,.wav,1,directory:yes_drone,32876,faf66d77f6be6029c6639dfa0dcf325553f80467f8be47ad63381e6484c92949
drone_audio,yes_drone/Membo_2_014-membo_001_.wav,Membo_2_014-membo_001_.wav,.wav,1,directory:yes_drone,32876,b7417c929fd0d706eef58e3871f903fc692fba6d4dc835e9ba7b22d66c21b576
drone_audio,yes_drone/Membo_2_014-membo_002_.wav,Membo_2_014-membo_002_.wav,.wav,1,directory:yes_drone,32876,864b37989c956a920b449b9ff3f11ad3f247c1284a4c13cc23ae624555fadece
drone_audio,yes_drone/Membo_2_014-membo_003_.wav,Membo_2_014-membo_003_.wav,.wav,1,directory:yes_drone,32876,e62ba7a388b79bf18c9d8791258474dfbaee6b5d1152f0d4230125f8127974a1
drone_audio,yes_drone/Membo_2_014-membo_004_.wav,Membo_2_014-membo_004_.wav,.wav,1,directory:yes_drone,28780,d7b2a7006fefeea59a9d139e41fe201f2a4c224e7232f630c4a4826ceeb11828
drone_audio,yes_drone/Membo_2_015-membo_000_.wav,Membo_2_015-membo_000_.wav,.wav,1,directory:yes_drone,32876,01073c25e46e83997c75cbd2f049dcbf14e336126e728ec68a1baa493938cadd
drone_audio,yes_drone/Membo_2_015-membo_001_.wav,Membo_2_015-membo_001_.wav,.wav,1,directory:yes_drone,32876,b6a1e44068346c85059f14f5f45f2cc225482f195208960b0b81198a6e4d35dd
drone_audio,yes_drone/Membo_2_015-membo_002_.wav,Membo_2_015-membo_002_.wav,.wav,1,directory:yes_drone,32876,1add9ddbb4fda10722b58abae65b1f43f5eb2e68022dbc17108edde2447270ec
drone_audio,yes_drone/Membo_2_015-membo_003_.wav,Membo_2_015-membo_003_.wav,.wav,1,directory:yes_drone,32876,665dc92e424aeb8b184ca2bbf2de5bcc2527b3072a4aa381f6b1b4e388929d5d
drone_audio,yes_drone/Membo_2_015-membo_004_.wav,Membo_2_015-membo_004_.wav,.wav,1,directory:yes_drone,28780,e40cac0168da080ec6282c5bdc67edf4a837e428ae8b185d3df361b038088718
drone_audio,yes_drone/Membo_2_016-membo_000_.wav,Membo_2_016-membo_000_.wav,.wav,1,directory:yes_drone,32876,ddabf5a755110518f5b75221c2ad0b5e876b216a6423f0d0c639b78a0ff3d4f4
drone_audio,yes_drone/Membo_2_016-membo_001_.wav,Membo_2_016-membo_001_.wav,.wav,1,directory:yes_drone,32876,301f01645bf1784ee4005e5b39fb45883ad73ccf63a109f8a3a911b6a534f6a6
drone_audio,yes_drone/Membo_2_016-membo_002_.wav,Membo_2_016-membo_002_.wav,.wav,1,directory:yes_drone,32876,9dfeee22609bfa9eff539a88de79960029cf966c7b86929207c4b30fd52247c3
drone_audio,yes_drone/Membo_2_016-membo_003_.wav,Membo_2_016-membo_003_.wav,.wav,1,directory:yes_drone,32876,054075b5bc16b7287c1be59daae5e4b5d8f8a8ac004872cd08c4ea4e32879185
drone_audio,yes_drone/Membo_2_016-membo_004_.wav,Membo_2_016-membo_004_.wav,.wav,1,directory:yes_drone,32876,984a9f40a0eff75f9e5fcc6dab3f8cb8207b8d60d51bc6ccc4887fc6d6b6bf8c
drone_audio,yes_drone/Membo_2_017-membo_000_.wav,Membo_2_017-membo_000_.wav,.wav,1,directory:yes_drone,32876,d931733cce046d50f47992efdade1998a02108b2957f57b77fc78b942b225648
drone_audio,yes_drone/Membo_2_017-membo_001_.wav,Membo_2_017-membo_001_.wav,.wav,1,directory:yes_drone,32876,dd196bb6b7df801d8fda694fde2e7fa6c6376c4fb940b97c0d536e2b5d722947
drone_audio,yes_drone/Membo_2_017-membo_002_.wav,Membo_2_017-membo_002_.wav,.wav,1,directory:yes_drone,32876,42058b607ba5b659f6c5cb53bf7ae8f7b26b2af5088e0a1b520fccbe6809d58c
drone_audio,yes_drone/Membo_2_017-membo_003_.wav,Membo_2_017-membo_003_.wav,.wav,1,directory:yes_drone,32876,777a5050499ca9a3f8670e5507379460c35e431838622017a8bbd5b6a19e877f
drone_audio,yes_drone/Membo_2_017-membo_004_.wav,Membo_2_017-membo_004_.wav,.wav,1,directory:yes_drone,28780,939149e922bbc5fbea4e9921b94a78094ebae904c63be06aba5061ca7586f536
drone_audio,yes_drone/Membo_2_018-membo_000_.wav,Membo_2_018-membo_000_.wav,.wav,1,directory:yes_drone,32876,e5f457acc458af9a8a0c435889624b4d09ec8731322fc305b818bc2ae81bab1a
drone_audio,yes_drone/Membo_2_018-membo_001_.wav,Membo_2_018-membo_001_.wav,.wav,1,directory:yes_drone,32876,2653f6be92179028e138bc4e20bc7f2d64b9e8404903f667deea89b212adc212
drone_audio,yes_drone/Membo_2_018-membo_002_.wav,Membo_2_018-membo_002_.wav,.wav,1,directory:yes_drone,32876,61bc4fd6368f516d4806830e2de32c77ec69720fb657821a422a19dea3f2c3df
drone_audio,yes_drone/Membo_2_018-membo_003_.wav,Membo_2_018-membo_003_.wav,.wav,1,directory:yes_drone,32876,950d7564f166dd09b291fe0faaa035c8ebfa5245cc7162b160eb38bb71ef119a
drone_audio,yes_drone/Membo_2_018-membo_004_.wav,Membo_2_018-membo_004_.wav,.wav,1,directory:yes_drone,28780,3042634622a83cda3abd4abf0816d3f6c1473f7b532dcf6ccb7485da7819a359
drone_audio,yes_drone/Membo_2_019-membo_000_.wav,Membo_2_019-membo_000_.wav,.wav,1,directory:yes_drone,32876,da24b56cca29ef33f5a66efbf00792f2553b4fc58a4b6ec087b84e85b951421b
drone_audio,yes_drone/Membo_2_019-membo_001_.wav,Membo_2_019-membo_001_.wav,.wav,1,directory:yes_drone,32876,3d238652f5f600cb175aa3bb2f0694a2f8fd33b95207ef5f268bce4e757492c4
drone_audio,yes_drone/Membo_2_019-membo_002_.wav,Membo_2_019-membo_002_.wav,.wav,1,directory:yes_drone,32876,ae92410f5b9edfa5a1cffc29d6605a43d7dfcf79532b750d806373770472944b
drone_audio,yes_drone/Membo_2_019-membo_003_.wav,Membo_2_019-membo_003_.wav,.wav,1,directory:yes_drone,32876,98fe669bb9002f8ba6321620c65a87d1b099858257365b1263e62b0166aa53e7
drone_audio,yes_drone/Membo_2_019-membo_004_.wav,Membo_2_019-membo_004_.wav,.wav,1,directory:yes_drone,28780,2a93fabed5d037586f9e1ef75c971d056f25d405efbd9ec0e1f8956649335db2
drone_audio,yes_drone/Membo_2_020-membo_000_.wav,Membo_2_020-membo_000_.wav,.wav,1,directory:yes_drone,32876,5848cc08bca97f8915183fad13103d14d7e49dc06ae80e893f4358064f760b85
drone_audio,yes_drone/Membo_2_020-membo_001_.wav,Membo_2_020-membo_001_.wav,.wav,1,directory:yes_drone,32876,aa8f4a81de39cf27e7ba11216a98b0113b9bc9424c0949be498e049eb0b3f826
drone_audio,yes_drone/Membo_2_020-membo_002_.wav,Membo_2_020-membo_002_.wav,.wav,1,directory:yes_drone,32876,b77c868ec3222e48e598dec06ec24eb4fd2755cb3632b46e8ba07f8e05dbfcb0
drone_audio,yes_drone/Membo_2_020-membo_003_.wav,Membo_2_020-membo_003_.wav,.wav,1,directory:yes_drone,32876,8b0714596cddbe4ece9a8befe41cae34ada70b8dea0d5db5e9895dfd14df0a03
drone_audio,yes_drone/Membo_2_020-membo_004_.wav,Membo_2_020-membo_004_.wav,.wav,1,directory:yes_drone,28780,82bcc38af5b87d76b49c9412dcddca3bfe4344497b80ae3a2a445c42cf87cd06
drone_audio,yes_drone/Membo_2_027-membo_000_.wav,Membo_2_027-membo_000_.wav,.wav,1,directory:yes_drone,32876,2e9ba6cb8fe1dca474e82e1abeedf5ef9645a642893bdf9db37fd745238d0960
drone_audio,yes_drone/Membo_2_027-membo_001_.wav,Membo_2_027-membo_001_.wav,.wav,1,directory:yes_drone,32876,f8287983e8d6fac05cccd7cce2f90b91436e88c466024fa12cd0cbf5a634dd35
drone_audio,yes_drone/Membo_2_027-membo_002_.wav,Membo_2_027-membo_002_.wav,.wav,1,directory:yes_drone,32876,95259818ae0c5c956e6cc4b052fe3eeee40c9646c50b4d66546e4db1a3cd2a91
drone_audio,yes_drone/Membo_2_027-membo_003_.wav,Membo_2_027-membo_003_.wav,.wav,1,directory:yes_drone,32876,8f63aec4a4cb673dc3937c4993fda46750d9e2732491b6443d52aeb2a88592c9
drone_audio,yes_drone/Membo_2_027-membo_004_.wav,Membo_2_027-membo_004_.wav,.wav,1,directory:yes_drone,28780,bdb8ea42c56295467e20f8654eac2ae7747098b5a5837e33e00861720082c063
drone_audio,yes_drone/Membo_2_028-membo_000_.wav,Membo_2_028-membo_000_.wav,.wav,1,directory:yes_drone,32876,9a9b80dd58c6a9e004414464dd2b927a1acefa4250b56ef7972e4cf3dd6bbaaf
drone_audio,yes_drone/Membo_2_028-membo_001_.wav,Membo_2_028-membo_001_.wav,.wav,1,directory:yes_drone,32876,07f097804e4f7756fba3e7867cfdf93c28b0cc9648c33fb23e55766b2e70c7d6
drone_audio,yes_drone/Membo_2_028-membo_002_.wav,Membo_2_028-membo_002_.wav,.wav,1,directory:yes_drone,32876,1b74865bebad213ea75b0f74079c6b28eedb264c88efce61be41bc9423d360b0
drone_audio,yes_drone/Membo_2_028-membo_003_.wav,Membo_2_028-membo_003_.wav,.wav,1,directory:yes_drone,32876,f3fd0a41156821be629d2fbf4e36bc131640ebf1297355e76b2b8d4c41432c7c
drone_audio,yes_drone/Membo_2_028-membo_004_.wav,Membo_2_028-membo_004_.wav,.wav,1,directory:yes_drone,20906,fa535532743b93e1aced860648084225b99388007ab6adf3d7e954cad2f500ad
drone_audio,yes_drone/extra_membo_D2_2000.wav,extra_membo_D2_2000.wav,.wav,1,directory:yes_drone,32162,48fa24e3f8c34fc1a36d2a35c0215591e062007ccc67b600b08bfd26c45fccf6
drone_audio,yes_drone/extra_membo_D2_2001.wav,extra_membo_D2_2001.wav,.wav,1,directory:yes_drone,32192,597bec864676ce21d7c40d2646c01af462739ecb1cd08ed31c2fcc3f64f42952
drone_audio,yes_drone/extra_membo_D2_2002.wav,extra_membo_D2_2002.wav,.wav,1,directory:yes_drone,32194,c44a2ef51e4de5b8e88765cecec82fb5ee113716341c5202c1ba7b1fcc0fc982
drone_audio,yes_drone/extra_membo_D2_2003.wav,extra_membo_D2_2003.wav,.wav,1,directory:yes_drone,32194,a3d1f1d21684b703bff1a0e61fd7f2f27f5bb431d2ae7b74d16013dfee83af6e
drone_audio,yes_drone/extra_membo_D2_2004.wav,extra_membo_D2_2004.wav,.wav,1,directory:yes_drone,32192,3ef7b1ee823306571e5ddbc13fb961beee82e3aef71d78d6706d502dcd20f1ea
drone_audio,yes_drone/extra_membo_D2_2005.wav,extra_membo_D2_2005.wav,.wav,1,directory:yes_drone,32194,d84ebb669c400fafcd29a7bf23bd9c9eebd29dca86a080200b49d0c148bc865f
drone_audio,yes_drone/extra_membo_D2_2006.wav,extra_membo_D2_2006.wav,.wav,1,directory:yes_drone,32194,e9725d1af1716ba191e1e9353a101f8f37993d255eff80474b783b43dc5436de
drone_audio,yes_drone/extra_membo_D2_2007.wav,extra_membo_D2_2007.wav,.wav,1,directory:yes_drone,32192,5ddca558791badaeb728392f8d58a920d8c3332fb3da99f6d463d9fb74ec789b
drone_audio,yes_drone/extra_membo_D2_2008.wav,extra_membo_D2_2008.wav,.wav,1,directory:yes_drone,31512,358b4a9524529402dc0b41dc5d4ef40e00496b907c8f8acab65b848a546564fc
drone_audio,yes_drone/extra_membo_D2_2009.wav,extra_membo_D2_2009.wav,.wav,1,directory:yes_drone,32192,9c12b0dc6abb420f42e1655d971795719014f6317a46454b1f3cf31f9d5ccdaa
drone_audio,yes_drone/extra_membo_D2_2010.wav,extra_membo_D2_2010.wav,.wav,1,directory:yes_drone,32194,ede1a38c9606cfeec1841420d610987636ee8348194e082ec0363b84ac07d6bd
drone_audio,yes_drone/extra_membo_D2_2011.wav,extra_membo_D2_2011.wav,.wav,1,directory:yes_drone,32194,b239c801f44ec9a16f1d3518b2447d3ea673ae4fa7e0effb848bb2e5db823da0
drone_audio,yes_drone/extra_membo_D2_2012.wav,extra_membo_D2_2012.wav,.wav,1,directory:yes_drone,32192,8ad87585627e6b0a964fd873bc59d9a9b2e9a1426a9ad94ebc4ca070e6320e52
drone_audio,yes_drone/extra_membo_D2_2013.wav,extra_membo_D2_2013.wav,.wav,1,directory:yes_drone,32194,08c72700a30cbeadcf524565df837f937e43b115f4a8db127df06257ca2cb7f1
drone_audio,yes_drone/extra_membo_D2_2014.wav,extra_membo_D2_2014.wav,.wav,1,directory:yes_drone,32194,8b92ef58af63b1083ca611daf5d2ab9a3e608b53ae73db55c7a0fac88192c22e
drone_audio,yes_drone/extra_membo_D2_2015.wav,extra_membo_D2_2015.wav,.wav,1,directory:yes_drone,32192,6627d59e3763c9386a34a946ee93488cf3d16f9ab236f0f1c1bddd089bd5841f
drone_audio,yes_drone/extra_membo_D2_2016.wav,extra_membo_D2_2016.wav,.wav,1,directory:yes_drone,31512,6a2cb88346032c0a674fae72d50bae4cf2c6ebc517ae986340ed3b33ce00b2f6
drone_audio,yes_drone/extra_membo_D2_2017.wav,extra_membo_D2_2017.wav,.wav,1,directory:yes_drone,32192,201912984539be320b92436cace75efcc92a0bea93d34c9f3cf4b633f1790e59
drone_audio,yes_drone/extra_membo_D2_2018.wav,extra_membo_D2_2018.wav,.wav,1,directory:yes_drone,32194,f35367596b904f09657ef6187458dbc708e4d0c9bc95438ec8af65506d81a044
drone_audio,yes_drone/extra_membo_D2_2019.wav,extra_membo_D2_2019.wav,.wav,1,directory:yes_drone,32194,92365e74508b00493af91f9950b1db820e88b318baf03462a6460fb7b3295e2b
drone_audio,yes_drone/extra_membo_D2_2020.wav,extra_membo_D2_2020.wav,.wav,1,directory:yes_drone,32192,6e1b26526c1fa312d9a793dc349229cba7f774be282077192c48ddb4b0f31ea3
drone_audio,yes_drone/extra_membo_D2_2021.wav,extra_membo_D2_2021.wav,.wav,1,directory:yes_drone,32194,ae97cfa3b5b0d9ff754a21fbff46628ea68168b7c9d54916c069d5476e7f35ad
drone_audio,yes_drone/extra_membo_D2_2022.wav,extra_membo_D2_2022.wav,.wav,1,directory:yes_drone,32194,7ca7cfa61159fd30192d4604ba3132a8fd97ebc7643b064aa2c879eb8342a212
drone_audio,yes_drone/extra_membo_D2_2023.wav,extra_membo_D2_2023.wav,.wav,1,directory:yes_drone,32192,b87efe7b008fe26edde754e22ba9e468c19e1f2175a972a51f2beaa245acaaef
drone_audio,yes_drone/extra_membo_D2_2024.wav,extra_membo_D2_2024.wav,.wav,1,directory:yes_drone,31512,8204f11a6c37572782ab1d0f8a2da5dbcf7d1266717c30d0352dfbc63b692e10
drone_audio,yes_drone/extra_membo_D2_2025.wav,extra_membo_D2_2025.wav,.wav,1,directory:yes_drone,32192,9637370cc2e83011638784dd516875eff54956df2fcf92b05234f3b0b973842b
drone_audio,yes_drone/extra_membo_D2_2026.wav,extra_membo_D2_2026.wav,.wav,1,directory:yes_drone,32194,c191f75711b908534a80d24d5373eb65248f8a346aea1a04b0b8bd7562245458
drone_audio,yes_drone/extra_membo_D2_2027.wav,extra_membo_D2_2027.wav,.wav,1,directory:yes_drone,32194,6a5cda9cabf44dcb7af82cf3b3b5bb45821a28e327167063142b81d255523ce6
drone_audio,yes_drone/extra_membo_D2_2028.wav,extra_membo_D2_2028.wav,.wav,1,directory:yes_drone,32192,10f6e7879635e7b9cd207cfef5b0620e4fe3a6f9429d630f45fa51ecaca66bd7
drone_audio,yes_drone/extra_membo_D2_2029.wav,extra_membo_D2_2029.wav,.wav,1,directory:yes_drone,32194,90e6feb019079b277bd4ba19ce413fd018d5bbdc6fb9ea35343fb0a1e23a78d1
drone_audio,yes_drone/extra_membo_D2_2030.wav,extra_membo_D2_2030.wav,.wav,1,directory:yes_drone,32194,62d96dd059840d1fa8cfc1f919800a0d485519b8b88d9e134de1aa1956e66504
drone_audio,yes_drone/extra_membo_D2_2031.wav,extra_membo_D2_2031.wav,.wav,1,directory:yes_drone,32192,32d38059b0d17a4bb7a6bc06a02487d62330fbfe060949b3785ce16389a83915
drone_audio,yes_drone/extra_membo_D2_2032.wav,extra_membo_D2_2032.wav,.wav,1,directory:yes_drone,31512,78aeeac3b835d3db092ae3377872dc402020fcdeee907a87c805e4bf88e16fc4
drone_audio,yes_drone/extra_membo_D2_2033.wav,extra_membo_D2_2033.wav,.wav,1,directory:yes_drone,32192,b1f68684da31e84b6eb5fdbef1d59938d31d4c0c020640de3470557d202eb2c5
drone_audio,yes_drone/extra_membo_D2_2034.wav,extra_membo_D2_2034.wav,.wav,1,directory:yes_drone,32194,df1a9b4c054a02a097d7f04222bd08403a0b4c11ec5214ead619828f14c6759c
drone_audio,yes_drone/extra_membo_D2_2035.wav,extra_membo_D2_2035.wav,.wav,1,directory:yes_drone,32194,89a27b4e733d4b95a57070ba755f9457c2f3325327409f74cfeaae00ca739292
drone_audio,yes_drone/extra_membo_D2_2036.wav,extra_membo_D2_2036.wav,.wav,1,directory:yes_drone,32192,a50a1ca54d531a9f52330af8b682c9461c3936fa6b2da7a0cfb216bcabc9f0f5
drone_audio,yes_drone/extra_membo_D2_2037.wav,extra_membo_D2_2037.wav,.wav,1,directory:yes_drone,32194,f243c7a97e3fc6276cfc904e3a4cdc5d534a62d44be32f847272e9fb4cfa0fb1
drone_audio,yes_drone/extra_membo_D2_2038.wav,extra_membo_D2_2038.wav,.wav,1,directory:yes_drone,32194,3b056083e55175601a4171f5e16b23c7eaa0fe4127112533b9233ed2df82f1ed
drone_audio,yes_drone/extra_membo_D2_2039.wav,extra_membo_D2_2039.wav,.wav,1,directory:yes_drone,32192,d24acc86e1c416883d768738d6239912a0eebaf37cb1ead6804664005f396bac
drone_audio,yes_drone/extra_membo_D2_2040.wav,extra_membo_D2_2040.wav,.wav,1,directory:yes_drone,31512,414bd6d36727db37044a46facdddbc1d22b6f1e22be7df074518e56f0ac295be
drone_audio,yes_drone/extra_membo_D2_2041.wav,extra_membo_D2_2041.wav,.wav,1,directory:yes_drone,32192,2abb77d4515c5d2d4416c08e9fb50ea7d1b1db4130b4e2838fea417ac45ea7ca
drone_audio,yes_drone/extra_membo_D2_2042.wav,extra_membo_D2_2042.wav,.wav,1,directory:yes_drone,32194,a40e564afda7fce59e98e125b21970632c1087dac852a1671c4c446c87b64661
drone_audio,yes_drone/extra_membo_D2_2043.wav,extra_membo_D2_2043.wav,.wav,1,directory:yes_drone,32194,78227463c014b2994bb56bccf2ad82af4b65ff8515dacfe3709efe12cab92245
drone_audio,yes_drone/extra_membo_D2_2044.wav,extra_membo_D2_2044.wav,.wav,1,directory:yes_drone,32192,6cd5ad285973d61d61ef8cd0485908e20f45ffdfc55a134bc5d8671ecf029bf6
drone_audio,yes_drone/extra_membo_D2_2045.wav,extra_membo_D2_2045.wav,.wav,1,directory:yes_drone,32194,041af880f62c9ed5e5a77ca8af2e3b7e12a3e1e52847922f831a477d7a663fc9
drone_audio,yes_drone/extra_membo_D2_2046.wav,extra_membo_D2_2046.wav,.wav,1,directory:yes_drone,32194,54ff206a9b0257794699a2112ebd3aa13b72de614e6d9c0a97bfce2a80a57086
drone_audio,yes_drone/extra_membo_D2_2047.wav,extra_membo_D2_2047.wav,.wav,1,directory:yes_drone,32192,f6a6a4668e86cdd19906d043a5fec55e69f58e291b979ce6d0a04e664945e920
drone_audio,yes_drone/extra_membo_D2_2048.wav,extra_membo_D2_2048.wav,.wav,1,directory:yes_drone,31512,074cc45bfa52ecc463f9e5883c2ab734421362877f758a97a9bb0cf0ec2abf4e
drone_audio,yes_drone/extra_membo_D2_2049.wav,extra_membo_D2_2049.wav,.wav,1,directory:yes_drone,32192,d6054a09d6c0ea6c8602bdc24dfda8eee1bfa23f939e279baebba3ea7a666f31
drone_audio,yes_drone/extra_membo_D2_2050.wav,extra_membo_D2_2050.wav,.wav,1,directory:yes_drone,32194,c143bee7558e078a6e2a31e95e7be562f88212da0afeb445cca4a179dfa0891c
drone_audio,yes_drone/extra_membo_D2_2051.wav,extra_membo_D2_2051.wav,.wav,1,directory:yes_drone,32194,b871b35f33ac09ae6381883e00679cc20437da7253d78c0311a83bb939f9784b
drone_audio,yes_drone/extra_membo_D2_2052.wav,extra_membo_D2_2052.wav,.wav,1,directory:yes_drone,32192,336532c7c49b7a14d7f20c7077ec731e5a984f685feaf82d5d3b39ece6f0973f
drone_audio,yes_drone/extra_membo_D2_2053.wav,extra_membo_D2_2053.wav,.wav,1,directory:yes_drone,32194,34116af8554fd6c1cfde058e024106ce97579f4cf4160296aeae39977908717b
drone_audio,yes_drone/extra_membo_D2_2054.wav,extra_membo_D2_2054.wav,.wav,1,directory:yes_drone,32194,d42b8602405558d7fcb49809a4f4c8456302528c724dc025b6e9c19284d7361b
drone_audio,yes_drone/extra_membo_D2_2055.wav,extra_membo_D2_2055.wav,.wav,1,directory:yes_drone,32192,4221f826d1c0c5b350b662ab21a251af696f37c6a3382600d824ec392205947f
drone_audio,yes_drone/mixed_0-bebop_000_.wav,mixed_0-bebop_000_.wav,.wav,1,directory:yes_drone,32846,59a60e2a44f2072eee55f7dd6aa27cba6dc69a44b5af9ca9ec9e7b8dcc6cec14
drone_audio,yes_drone/mixed_0-bebop_001_.wav,mixed_0-bebop_001_.wav,.wav,1,directory:yes_drone,32846,4c519b99f69fe0b00bc384ce20657f951cea80ede8d73c6f21e8186d3703240d
drone_audio,yes_drone/mixed_0-bebop_002_.wav,mixed_0-bebop_002_.wav,.wav,1,directory:yes_drone,32846,fb1f465f921545c2c2cd87df7c296c34b537968847e8413b07d004c489a97454
drone_audio,yes_drone/mixed_0-bebop_003_.wav,mixed_0-bebop_003_.wav,.wav,1,directory:yes_drone,32846,db1635021c58a7f44fdc26f92187ff685e5daf97ce52a5553e67865975964b63
drone_audio,yes_drone/mixed_0-bebop_004_.wav,mixed_0-bebop_004_.wav,.wav,1,directory:yes_drone,32846,c80ed340ad4981f88213fe3b1b82afeb8f61a3003f8173c41dd46564149eb633
drone_audio,yes_drone/mixed_1-bebop_000_.wav,mixed_1-bebop_000_.wav,.wav,1,directory:yes_drone,32846,83a97a1f1c0c0ed2173a40c4f6106b79864cb1f9bb4204913afd21c30e03c8c2
drone_audio,yes_drone/mixed_1-bebop_001_.wav,mixed_1-bebop_001_.wav,.wav,1,directory:yes_drone,32846,1363cf0de910f21a6efcb6cd4246dddd46e6c95ea2f7da7363b50b53b6cbb772
drone_audio,yes_drone/mixed_1-bebop_002_.wav,mixed_1-bebop_002_.wav,.wav,1,directory:yes_drone,32846,3f2e47912aedc450cf5951fb380fcab48db39fe06bf13b2c9bae67952dd3092a
drone_audio,yes_drone/mixed_1-bebop_003_.wav,mixed_1-bebop_003_.wav,.wav,1,directory:yes_drone,32846,82358546b7b9cb1b59290ac8303cba40512346b4df9bcfbb4b0ff1e98df1fb22
drone_audio,yes_drone/mixed_1-bebop_004_.wav,mixed_1-bebop_004_.wav,.wav,1,directory:yes_drone,29006,33b53ec4f8dcf4220aada4f657c7e2f50497edfe9be3ca8e908c4dec7139a76f
drone_audio,yes_drone/mixed_10-bebop_000_.wav,mixed_10-bebop_000_.wav,.wav,1,directory:yes_drone,32846,0409e9ddc5d6388e872251ed5016245109ddd9621cce7975366a34ad994f2c6c
drone_audio,yes_drone/mixed_10-bebop_001_.wav,mixed_10-bebop_001_.wav,.wav,1,directory:yes_drone,32846,0e6ab9656eb07dd4246c70d7bbf011fa03e87704e73c342bf02bb3053c49dad3
drone_audio,yes_drone/mixed_10-bebop_002_.wav,mixed_10-bebop_002_.wav,.wav,1,directory:yes_drone,32846,0aae50cb54e94629306d76e314023e8a80744bc5dd3c1d51b03ef24107528e48
drone_audio,yes_drone/mixed_10-bebop_003_.wav,mixed_10-bebop_003_.wav,.wav,1,directory:yes_drone,32846,a0e6cf6c655c6ef08ef35d0bd3c4256dc27c21561e3042d1241e75d155bf1bb5
drone_audio,yes_drone/mixed_10-bebop_004_.wav,mixed_10-bebop_004_.wav,.wav,1,directory:yes_drone,29006,a9491918fd0e136254fe38e62c6765e38b58626f12dbde255d306060dbde282d
drone_audio,yes_drone/mixed_11-bebop_000_.wav,mixed_11-bebop_000_.wav,.wav,1,directory:yes_drone,32846,4525ae2d6f80c729ba30cba33c12bcc21a43cd2215663ba0fa26e9d244506c6f
drone_audio,yes_drone/mixed_11-bebop_001_.wav,mixed_11-bebop_001_.wav,.wav,1,directory:yes_drone,32846,ceb461ea63852a3a216123e94c38936b5687864488bb14a3506b9932f3f30e2c
drone_audio,yes_drone/mixed_11-bebop_002_.wav,mixed_11-bebop_002_.wav,.wav,1,directory:yes_drone,32846,8c8a5d34c3c8a27c490848359f4aa43c46e91613bc35739e251668fdda4b8f05
drone_audio,yes_drone/mixed_11-bebop_003_.wav,mixed_11-bebop_003_.wav,.wav,1,directory:yes_drone,32846,d6e781f14c6127cb93083286edd2fdd3d1869b324227b98741a380a61a53aec8
drone_audio,yes_drone/mixed_11-bebop_004_.wav,mixed_11-bebop_004_.wav,.wav,1,directory:yes_drone,29006,084a185dd17821b176fb1172743a48c88490a94e5c4a31f6c4e02eccd0a4842d
drone_audio,yes_drone/mixed_12-bebop_000_.wav,mixed_12-bebop_000_.wav,.wav,1,directory:yes_drone,32846,e6df505352a16f1416f0abf64373f6ed6a1693102c86ee027847998874d3cf9c
drone_audio,yes_drone/mixed_12-bebop_001_.wav,mixed_12-bebop_001_.wav,.wav,1,directory:yes_drone,32846,bdb57c2467b1296d3a28282ef2d90fbe2f43a5643ef18161e2e8aa5082d1ca5c
drone_audio,yes_drone/mixed_12-bebop_002_.wav,mixed_12-bebop_002_.wav,.wav,1,directory:yes_drone,32846,29bddf985df78321ce8ddbd73973138ac1b81a528fd89645ef1918d5824c070e
drone_audio,yes_drone/mixed_12-bebop_003_.wav,mixed_12-bebop_003_.wav,.wav,1,directory:yes_drone,32846,6c58d0f9b38d09529e2513b80a1aa776ade3d329b567bcefac7aad7e12b5a4fd
drone_audio,yes_drone/mixed_12-bebop_004_.wav,mixed_12-bebop_004_.wav,.wav,1,directory:yes_drone,29006,584b429aa94a5bffe03892dfc60b759c1fa789571d66a1e3af1241aadb92fae9
drone_audio,yes_drone/mixed_13-bebop_000_.wav,mixed_13-bebop_000_.wav,.wav,1,directory:yes_drone,32846,d8e9d9a12f0e6f5f5707b7b27b01c499fb663553d510f8cacc0a0031a9e4b75b
drone_audio,yes_drone/mixed_13-bebop_001_.wav,mixed_13-bebop_001_.wav,.wav,1,directory:yes_drone,32846,26dcac184cb3b7041c04d3ca5ab67cc209f95c74458a462510d29b296a21fd6c
drone_audio,yes_drone/mixed_13-bebop_002_.wav,mixed_13-bebop_002_.wav,.wav,1,directory:yes_drone,32846,64745f9667a2c4fcf237877de6eea8c87ec7180e08aead865aaa49ecadd7e526
drone_audio,yes_drone/mixed_13-bebop_003_.wav,mixed_13-bebop_003_.wav,.wav,1,directory:yes_drone,32846,50ad347c2eb958ec36d9729b7d74f2391929d8ab77b8dcb4831840a5c6bf422e
drone_audio,yes_drone/mixed_13-bebop_004_.wav,mixed_13-bebop_004_.wav,.wav,1,directory:yes_drone,29006,e2be1760d7d33b63b8188c5cf790eef87303f501fd7056c489ab59945b89eeff
drone_audio,yes_drone/mixed_14-bebop_000_.wav,mixed_14-bebop_000_.wav,.wav,1,directory:yes_drone,32846,cdb9b5478e5fd3c9b901e27e76dcb590323f4822221a52c84acb8c4bf8b4ed1a
drone_audio,yes_drone/mixed_14-bebop_001_.wav,mixed_14-bebop_001_.wav,.wav,1,directory:yes_drone,32846,276d99773017c4ed405d287752d5e08c1daab3c4f6b4345afd2abfb0fcf61fa0
drone_audio,yes_drone/mixed_14-bebop_002_.wav,mixed_14-bebop_002_.wav,.wav,1,directory:yes_drone,32846,37c133944816ec8a9b2a7a605fbb80c58b647b6be3e458b83ad6601d15c081b7
drone_audio,yes_drone/mixed_14-bebop_003_.wav,mixed_14-bebop_003_.wav,.wav,1,directory:yes_drone,32846,021af76d7c791e434f8e6bb0773d5b613f555855156e48f2bbd38cb23266a93f
drone_audio,yes_drone/mixed_14-bebop_004_.wav,mixed_14-bebop_004_.wav,.wav,1,directory:yes_drone,29006,9e7ccec12c49e8b6f42ec8c95210bf1a0fbd03dd909b8717e09dae4ef19c397a
drone_audio,yes_drone/mixed_15-bebop_000_.wav,mixed_15-bebop_000_.wav,.wav,1,directory:yes_drone,32846,cbdc71d14295d6582a7a127091bcc75c989406cdefb4dbb865a825b422bd7079
drone_audio,yes_drone/mixed_15-bebop_001_.wav,mixed_15-bebop_001_.wav,.wav,1,directory:yes_drone,32846,fd9f60b28c95307885f57fc6885d780c639e9240ae47e63714ecb8f8174c2abc
drone_audio,yes_drone/mixed_15-bebop_002_.wav,mixed_15-bebop_002_.wav,.wav,1,directory:yes_drone,32846,a313db49a2d9f5630b364de62a32acdea23298f1cfbf5c2cc9d6d5133e269c8e
drone_audio,yes_drone/mixed_15-bebop_003_.wav,mixed_15-bebop_003_.wav,.wav,1,directory:yes_drone,32846,81a91a10e6f747dbae9e6aa3a2c51170ba5e4125704288072214e62ee97416c1
drone_audio,yes_drone/mixed_15-bebop_004_.wav,mixed_15-bebop_004_.wav,.wav,1,directory:yes_drone,29006,d2c77ff992640e5e49abd5ea60d93f489cb281cbce3bef0a0a1ff5102a089cc4
drone_audio,yes_drone/mixed_16-bebop_000_.wav,mixed_16-bebop_000_.wav,.wav,1,directory:yes_drone,32846,17d5a54c92f1293dcc9bdbd21673e897e54864fd7135ee15dd84a9ed7ae69e01
drone_audio,yes_drone/mixed_16-bebop_001_.wav,mixed_16-bebop_001_.wav,.wav,1,directory:yes_drone,32846,a0295185b97890db88cfec242f4e30e7c20031591b959a590edc8e67aad3335b
drone_audio,yes_drone/mixed_16-bebop_002_.wav,mixed_16-bebop_002_.wav,.wav,1,directory:yes_drone,32846,c78a69bcb3fdbd9ec45126c82db334ded4213f62087dd866c050a3000aff8908
drone_audio,yes_drone/mixed_16-bebop_003_.wav,mixed_16-bebop_003_.wav,.wav,1,directory:yes_drone,32846,6f900a313059be5592e0e558d47acca65d0cc3f71b9e8e09f3a43346f8b3c2db
drone_audio,yes_drone/mixed_16-bebop_004_.wav,mixed_16-bebop_004_.wav,.wav,1,directory:yes_drone,32846,b1b0bcd795195f3ec8ba85837ff8ddee30c6cc77079c13b4f5fc73ea39752a6b
drone_audio,yes_drone/mixed_17-bebop_000_.wav,mixed_17-bebop_000_.wav,.wav,1,directory:yes_drone,32846,df942627ca8b266f9171c91035b7bb3828eb8882b940fa4ebce16f74c514518b
drone_audio,yes_drone/mixed_17-bebop_001_.wav,mixed_17-bebop_001_.wav,.wav,1,directory:yes_drone,32846,e871b3bfef08b0cd23e51edb10bde26c30698969617c5864fc31816e978a9e04
drone_audio,yes_drone/mixed_17-bebop_002_.wav,mixed_17-bebop_002_.wav,.wav,1,directory:yes_drone,32846,41b39d36b8178bf4e32306175df94cdbc09dc7331b803df5c5eb8ea891fc1cef
drone_audio,yes_drone/mixed_17-bebop_003_.wav,mixed_17-bebop_003_.wav,.wav,1,directory:yes_drone,32846,d00b85905197d9e28e65e81110fd5f624735b2af55f74351d962442ec9500c33
drone_audio,yes_drone/mixed_17-bebop_004_.wav,mixed_17-bebop_004_.wav,.wav,1,directory:yes_drone,29006,fb8507f375cddd01d2b0493380a8ac17661f0353c65c9857af847cd141fc9c47
drone_audio,yes_drone/mixed_18-bebop_000_.wav,mixed_18-bebop_000_.wav,.wav,1,directory:yes_drone,32846,a449cb7399c23596af9820d32c6b4aef366cde012173eeb8b45bf31184e6e42a
drone_audio,yes_drone/mixed_18-bebop_001_.wav,mixed_18-bebop_001_.wav,.wav,1,directory:yes_drone,32846,0cf5589e90053102f082dac8503a65bf6bbf2426458e130ef5692d4dd0a2df0f
drone_audio,yes_drone/mixed_18-bebop_002_.wav,mixed_18-bebop_002_.wav,.wav,1,directory:yes_drone,32846,129b37bbbc02bf96b0d23ac7d65508c6230bb7b1a416821d8361742062140505
drone_audio,yes_drone/mixed_18-bebop_003_.wav,mixed_18-bebop_003_.wav,.wav,1,directory:yes_drone,32846,f07419059d9c454834f8891e2e465249200c44a3a72b2d5f46a965d35594e98f
drone_audio,yes_drone/mixed_18-bebop_004_.wav,mixed_18-bebop_004_.wav,.wav,1,directory:yes_drone,29006,2cfe67ab962de1e6f9326e9f101ca181746e7e5ab72d2e9f2ba05909fda41392
drone_audio,yes_drone/mixed_19-bebop_000_.wav,mixed_19-bebop_000_.wav,.wav,1,directory:yes_drone,32846,53582ed423cad019b2bf2b313efa385edfeb37da7724c3690f8432c7b580a655
drone_audio,yes_drone/mixed_19-bebop_001_.wav,mixed_19-bebop_001_.wav,.wav,1,directory:yes_drone,32846,38de055fbc02d03c6e8779f402f3780b0af75919123fe9f5bcf058c057a97124
drone_audio,yes_drone/mixed_19-bebop_002_.wav,mixed_19-bebop_002_.wav,.wav,1,directory:yes_drone,32846,678443fd19a07e2a51a62fe2ddbb035c2a6a71ddb5c8bdefd9625d3a96d60d95
drone_audio,yes_drone/mixed_19-bebop_003_.wav,mixed_19-bebop_003_.wav,.wav,1,directory:yes_drone,32846,4a92ad6c0af0e2f524bb02a7acf0b026f5df3d9d0b27c4eac9d8e8fe3cd6dd07
drone_audio,yes_drone/mixed_19-bebop_004_.wav,mixed_19-bebop_004_.wav,.wav,1,directory:yes_drone,29006,f4cc9bebd7d279ed0a3db5a81134694021cb6d83a899f528db54b9bceec54a73
drone_audio,yes_drone/mixed_2-bebop_000_.wav,mixed_2-bebop_000_.wav,.wav,1,directory:yes_drone,32846,081773ddecf001d07003e852b795f7d41915538dfb40be743ffd600c76faa18d
drone_audio,yes_drone/mixed_2-bebop_001_.wav,mixed_2-bebop_001_.wav,.wav,1,directory:yes_drone,32846,ab2499b2b3fc0d152354ae456476e58e554f34d223c9a3382b842a24bb39daa0
drone_audio,yes_drone/mixed_2-bebop_002_.wav,mixed_2-bebop_002_.wav,.wav,1,directory:yes_drone,32846,fc0580513b425ff86658ac6b7453c30af34a0f3cfbd34ffc8fea9d70e0d4eff6
drone_audio,yes_drone/mixed_2-bebop_003_.wav,mixed_2-bebop_003_.wav,.wav,1,directory:yes_drone,32846,dede5a252185daeee40e8bad0f35eaaa8e09eda5d829efbc0066ceac6b9754e7
drone_audio,yes_drone/mixed_2-bebop_004_.wav,mixed_2-bebop_004_.wav,.wav,1,directory:yes_drone,29006,7492c85bec7161982e1fe834284489fe5c6ad1491ffc56c480375ed2bf229b22
drone_audio,yes_drone/mixed_20-bebop_000_.wav,mixed_20-bebop_000_.wav,.wav,1,directory:yes_drone,32846,22f2b05f478ca9f7f41313e97e4eff12e3b164d2e2504b83cd34c4d4028f1c03
drone_audio,yes_drone/mixed_20-bebop_001_.wav,mixed_20-bebop_001_.wav,.wav,1,directory:yes_drone,32846,f6f24164f171ec86d951642b74f07ac94a3bb2de010f2de79107a945ac9fa45f
drone_audio,yes_drone/mixed_20-bebop_002_.wav,mixed_20-bebop_002_.wav,.wav,1,directory:yes_drone,32846,194b72561bda13304de1c6783e834af15146736d4211c53028ed61a49c604a8c
drone_audio,yes_drone/mixed_20-bebop_003_.wav,mixed_20-bebop_003_.wav,.wav,1,directory:yes_drone,32846,4261edcf7fc47ae505838f70c19afe2eae631e33ef2d196a2643fdf704fdfcb6
drone_audio,yes_drone/mixed_20-bebop_004_.wav,mixed_20-bebop_004_.wav,.wav,1,directory:yes_drone,29006,073d40adea89b59cde6aae00b6f9a2fba8849520493d1e72324a21561575eaa3
drone_audio,yes_drone/mixed_21-bebop_000_.wav,mixed_21-bebop_000_.wav,.wav,1,directory:yes_drone,32846,8d8c3cf8ed80f018e8b42e8ec38d1ed20bb77a984fdc279940f950a3a753b7d4
drone_audio,yes_drone/mixed_21-bebop_001_.wav,mixed_21-bebop_001_.wav,.wav,1,directory:yes_drone,32846,d722cf15d5ae172424bcd66b8be932a2ae0b6406d043e26bc646f289ac77afb8
drone_audio,yes_drone/mixed_21-bebop_002_.wav,mixed_21-bebop_002_.wav,.wav,1,directory:yes_drone,32846,bf7acbac4879a33d66d438bbee05908c62af658bb93c124ffe21e424c5c47484
drone_audio,yes_drone/mixed_21-bebop_003_.wav,mixed_21-bebop_003_.wav,.wav,1,directory:yes_drone,32846,11cfbbc840175137ebcae61cdbf0d221c8a53e4eeecd18a21bf2ae97f6316992
drone_audio,yes_drone/mixed_21-bebop_004_.wav,mixed_21-bebop_004_.wav,.wav,1,directory:yes_drone,29006,787ae7a86164dcc20dae4ca1ec6fa181d0efb6725affc866f6c2be60b22c9f5b
drone_audio,yes_drone/mixed_22-bebop_000_.wav,mixed_22-bebop_000_.wav,.wav,1,directory:yes_drone,32846,7792d4965ec4cb34bf26e21f71511be223156305dba5201f5c8815e6eddc4229
drone_audio,yes_drone/mixed_22-bebop_001_.wav,mixed_22-bebop_001_.wav,.wav,1,directory:yes_drone,32846,5123bda0bd76597ad09adfd988c729b720cb59e6d10bb306c7de04aa078c8e29
drone_audio,yes_drone/mixed_22-bebop_002_.wav,mixed_22-bebop_002_.wav,.wav,1,directory:yes_drone,32846,36e4c2a1ae9683810b1017b19cd7e69258994cb864aa1574375ab1ff2caa76d1
drone_audio,yes_drone/mixed_22-bebop_003_.wav,mixed_22-bebop_003_.wav,.wav,1,directory:yes_drone,32846,b0b343826b1134c19eca4e9fb511466fac4e733d9682803afcf7898e1fd7440b
drone_audio,yes_drone/mixed_22-bebop_004_.wav,mixed_22-bebop_004_.wav,.wav,1,directory:yes_drone,29006,589f1e5f6e11079ce95d05e76e1548fbe8ed1cb112915338938e331673949108
drone_audio,yes_drone/mixed_23-bebop_000_.wav,mixed_23-bebop_000_.wav,.wav,1,directory:yes_drone,32846,cb999d217bb4547ba1f851e18509f38b879358280e3d1ecff8469c4fd225136f
drone_audio,yes_drone/mixed_23-bebop_001_.wav,mixed_23-bebop_001_.wav,.wav,1,directory:yes_drone,32846,15773e951fc18e5f0fa90d2a1453b3a6db3a9dab600452f0dedae63a5bafa92c
drone_audio,yes_drone/mixed_23-bebop_002_.wav,mixed_23-bebop_002_.wav,.wav,1,directory:yes_drone,32846,8dbcb1abc6b24b00bc253a5cbea5e551fcca7f012dda7cd45c74e1e9568de682
drone_audio,yes_drone/mixed_23-bebop_003_.wav,mixed_23-bebop_003_.wav,.wav,1,directory:yes_drone,32846,b681e56a25f46258e2f86af2ea0cebc2f8859601bc6dc7648b52f7764ce1d932
drone_audio,yes_drone/mixed_23-bebop_004_.wav,mixed_23-bebop_004_.wav,.wav,1,directory:yes_drone,29006,5ecfedcc0dfe795cb0eb9a58a9a30d47428052235369d7df573732e162d0e0ed
drone_audio,yes_drone/mixed_24-bebop_000_.wav,mixed_24-bebop_000_.wav,.wav,1,directory:yes_drone,32846,c7d0b9e18e7c5503494aaf0cc89b10cb16adfe0b50dca431ddccef8af9250d69
drone_audio,yes_drone/mixed_24-bebop_001_.wav,mixed_24-bebop_001_.wav,.wav,1,directory:yes_drone,32846,8b9aee7b7e63bb3b801c54298aa426f944ee583a1b19355daf13beec0c43db15
drone_audio,yes_drone/mixed_24-bebop_002_.wav,mixed_24-bebop_002_.wav,.wav,1,directory:yes_drone,32846,c55687159672f40069bdf8a8ad13a15a2efa7b4041b0cf3062977e961c483869
drone_audio,yes_drone/mixed_24-bebop_003_.wav,mixed_24-bebop_003_.wav,.wav,1,directory:yes_drone,32846,6c5f65e5f30ed5feb60387bae23a1ee38061481212f1af7176f5fe1eff1c6b2e
drone_audio,yes_drone/mixed_24-bebop_004_.wav,mixed_24-bebop_004_.wav,.wav,1,directory:yes_drone,29006,32140f714b370c4949bc9dc566153e8c95cf8db78de9912f64d9645d79e1e4a9
drone_audio,yes_drone/mixed_25-bebop_000_.wav,mixed_25-bebop_000_.wav,.wav,1,directory:yes_drone,32846,721dee76a62e7989c2d89beaee106b4184508eb6df2b5508a4eb3650d577f1f2
drone_audio,yes_drone/mixed_25-bebop_001_.wav,mixed_25-bebop_001_.wav,.wav,1,directory:yes_drone,32846,dbdaad5aaa78f0efbccd7bdc71f3ee159449d23945cacaaf80c852fd23707cb0
drone_audio,yes_drone/mixed_25-bebop_002_.wav,mixed_25-bebop_002_.wav,.wav,1,directory:yes_drone,32846,8cb8da1a1618f47f77b3b170f2b10dff1d85e17dbe1369c754b72c6cfcf68580
drone_audio,yes_drone/mixed_25-bebop_003_.wav,mixed_25-bebop_003_.wav,.wav,1,directory:yes_drone,32846,9bbba66cb2524c1441cc1f12fd3f5dbf3147570a17397a32dde0036da373926e
drone_audio,yes_drone/mixed_25-bebop_004_.wav,mixed_25-bebop_004_.wav,.wav,1,directory:yes_drone,29006,5daeae39d3cba996212864e5f34e063d3a6e4473e24f1e82546fa86a62c33b68
drone_audio,yes_drone/mixed_26-bebop_000_.wav,mixed_26-bebop_000_.wav,.wav,1,directory:yes_drone,32846,d9224a88e5874373664a961202101f1381096ab22111cb4feaa1fd9db4148fd3
drone_audio,yes_drone/mixed_26-bebop_001_.wav,mixed_26-bebop_001_.wav,.wav,1,directory:yes_drone,32846,6c276678087247a48bd30158b7b978cf8cdd6c131fea3eb9ce27ac876b2d7e89
drone_audio,yes_drone/mixed_26-bebop_002_.wav,mixed_26-bebop_002_.wav,.wav,1,directory:yes_drone,32846,f6f5e86ba6139a3a5d103b68f9443a41019afdf7adae17b8aeb21db7ec109405
drone_audio,yes_drone/mixed_26-bebop_003_.wav,mixed_26-bebop_003_.wav,.wav,1,directory:yes_drone,32846,5d317f33ba3e420c79dc60aeeb2b8eeea03ea7f8be43a996d3697df92d233954
drone_audio,yes_drone/mixed_26-bebop_004_.wav,mixed_26-bebop_004_.wav,.wav,1,directory:yes_drone,29006,a3c8e432c2e3600c561a55074b327b421b6a3c779e835a9a8c51cb3f9ad599a6
drone_audio,yes_drone/mixed_27-bebop_000_.wav,mixed_27-bebop_000_.wav,.wav,1,directory:yes_drone,32846,56395717ab5228a852f9d59eec412dfedd6d9caa010720212a291b58fcdab7c6
drone_audio,yes_drone/mixed_27-bebop_001_.wav,mixed_27-bebop_001_.wav,.wav,1,directory:yes_drone,32846,21fc486c42a54267a42454f968911ec71b8896d3b25519f08638e5ec40f3217f
drone_audio,yes_drone/mixed_27-bebop_002_.wav,mixed_27-bebop_002_.wav,.wav,1,directory:yes_drone,32846,133691aa1c9dc19c2e0064a1450b419aedd327007d4972178de8a2d1b799f7b0
drone_audio,yes_drone/mixed_27-bebop_003_.wav,mixed_27-bebop_003_.wav,.wav,1,directory:yes_drone,32846,452690ec15bc18d80b805093bafddc442e90e5be816c2ad69220268983207762
drone_audio,yes_drone/mixed_27-bebop_004_.wav,mixed_27-bebop_004_.wav,.wav,1,directory:yes_drone,29006,09e8754ac3edeae597c8d8904428126d8455d8198054cb23ef2b23beb5f66035
drone_audio,yes_drone/mixed_28-bebop_000_.wav,mixed_28-bebop_000_.wav,.wav,1,directory:yes_drone,32846,42da8585c591427758db1eef245b13669421d06f44ca87f979eae561c63f4096
drone_audio,yes_drone/mixed_28-bebop_001_.wav,mixed_28-bebop_001_.wav,.wav,1,directory:yes_drone,32846,455e59ad00bcc0ce3ade8dd4e21912f866a3da1218e1a82b437c075f4caf3fac
drone_audio,yes_drone/mixed_28-bebop_002_.wav,mixed_28-bebop_002_.wav,.wav,1,directory:yes_drone,32846,01cafddeba85bbcdf9a8d94661454db0d8bbb031162f777c97288c306abd5ba9
drone_audio,yes_drone/mixed_28-bebop_003_.wav,mixed_28-bebop_003_.wav,.wav,1,directory:yes_drone,32846,4cc1e393394774f47ad37100b862cd360703467ac476493d3b85c67770c9c43a
drone_audio,yes_drone/mixed_28-bebop_004_.wav,mixed_28-bebop_004_.wav,.wav,1,directory:yes_drone,29006,f18e18d93b3fb946e2d2a6328dff1c08edbacf641d928ece64487696f9620162
drone_audio,yes_drone/mixed_29-bebop_000_.wav,mixed_29-bebop_000_.wav,.wav,1,directory:yes_drone,32846,154b6da096ef82e62251c6c1e628da28973a66c9264647ffeabc3ba41af1569e
drone_audio,yes_drone/mixed_29-bebop_001_.wav,mixed_29-bebop_001_.wav,.wav,1,directory:yes_drone,32846,c8dc49aa9635fa995d0c298777c10d8af02b94a6ce4d21a9e1bfb9c449c3904e
drone_audio,yes_drone/mixed_29-bebop_002_.wav,mixed_29-bebop_002_.wav,.wav,1,directory:yes_drone,32846,31226014638727be05e30bc6f1fe1fd220b5d1dbfec2c4f26f2445699609f69c
drone_audio,yes_drone/mixed_29-bebop_003_.wav,mixed_29-bebop_003_.wav,.wav,1,directory:yes_drone,32846,137717375434a35f80c4f4f7a3947b6f25127f3da69a066fc9169599eefc96e1
drone_audio,yes_drone/mixed_29-bebop_004_.wav,mixed_29-bebop_004_.wav,.wav,1,directory:yes_drone,29006,578ab29c806650bd738dc761d398b48e108c49bdce871e8492f552d4338892d1
drone_audio,yes_drone/mixed_3-bebop_000_.wav,mixed_3-bebop_000_.wav,.wav,1,directory:yes_drone,32846,ae98f401c443461581aa80348e252bf6273db352f45b392bb187e2f0ed89e044
drone_audio,yes_drone/mixed_3-bebop_001_.wav,mixed_3-bebop_001_.wav,.wav,1,directory:yes_drone,32846,2e5fcfdc7a39bc8e1ce69e9bb5fee768db4b6932847cc8b903c04e41f4915153
drone_audio,yes_drone/mixed_3-bebop_002_.wav,mixed_3-bebop_002_.wav,.wav,1,directory:yes_drone,32846,8a26175912f1d7619b2fc4d0036607e5b9367a91d8fdf4ad3e6e01effc2a7797
drone_audio,yes_drone/mixed_3-bebop_003_.wav,mixed_3-bebop_003_.wav,.wav,1,directory:yes_drone,32846,4800b5c252054183e2c3b056f6392a7269b88004b1b5370b1fa441a7072ad403
drone_audio,yes_drone/mixed_3-bebop_004_.wav,mixed_3-bebop_004_.wav,.wav,1,directory:yes_drone,29006,d22961c79870c6b023a7c794fefb22076f13c4f327a41f3f4dc3e6d5308b0a41
drone_audio,yes_drone/mixed_30-bebop_000_.wav,mixed_30-bebop_000_.wav,.wav,1,directory:yes_drone,32846,cef01820e67e2386e48f5c1fd92b3e0a0e6f8dbd8d41f6b773eddb9a54a066fe
drone_audio,yes_drone/mixed_30-bebop_001_.wav,mixed_30-bebop_001_.wav,.wav,1,directory:yes_drone,32846,ef1aee0a0c154ddce5b471d5fc0a7bb06c51d42829e2412f2f5ede32afe83f2a
drone_audio,yes_drone/mixed_30-bebop_002_.wav,mixed_30-bebop_002_.wav,.wav,1,directory:yes_drone,32846,671a5ce17dce39752c41ac52e59eddccda55a5bf565f13500fa7200764776234
drone_audio,yes_drone/mixed_30-bebop_003_.wav,mixed_30-bebop_003_.wav,.wav,1,directory:yes_drone,32846,4c6c26a364d60807b97c7281897a86e41410f39605e7bdd770a1253a264dda7c
drone_audio,yes_drone/mixed_30-bebop_004_.wav,mixed_30-bebop_004_.wav,.wav,1,directory:yes_drone,29006,65b4fd7e39f12c92d4a88552703095d3a5158aa472089d439c30be3eb80d39f5
drone_audio,yes_drone/mixed_31-bebop_000_.wav,mixed_31-bebop_000_.wav,.wav,1,directory:yes_drone,32846,a180eaa07030910c2ecc68abb747912af38dffbf077f777591c0f5319978363b
drone_audio,yes_drone/mixed_31-bebop_001_.wav,mixed_31-bebop_001_.wav,.wav,1,directory:yes_drone,32846,02832da3e789b1a8287fbf0ea0faf2504d7de724eeec08efac1634838aacc64d
drone_audio,yes_drone/mixed_31-bebop_002_.wav,mixed_31-bebop_002_.wav,.wav,1,directory:yes_drone,32846,623a06e523ba759d7302c6ef8143c40f7dcb43daa055e11f8714171aa867abc7
drone_audio,yes_drone/mixed_31-bebop_003_.wav,mixed_31-bebop_003_.wav,.wav,1,directory:yes_drone,32846,0aa7ce3de83735d7fc10d3e49d428ba502d832d38db8b4fd2afc94e602e63b2d
drone_audio,yes_drone/mixed_31-bebop_004_.wav,mixed_31-bebop_004_.wav,.wav,1,directory:yes_drone,29006,720d0e370ef5674fc15a5e8f177ae221085e9c2b90173271f8e0e5d49e1fe7d8
drone_audio,yes_drone/mixed_32-bebop_000_.wav,mixed_32-bebop_000_.wav,.wav,1,directory:yes_drone,32846,54f8114cffd959f48f5ecd9e63b5d5c337dbc8961ef84914c08b83e7a2a482ce
drone_audio,yes_drone/mixed_32-bebop_001_.wav,mixed_32-bebop_001_.wav,.wav,1,directory:yes_drone,32846,9d6a66541211c1e95a50fef158db865be970e6916adea326c9b7fbf661ec688e
drone_audio,yes_drone/mixed_32-bebop_002_.wav,mixed_32-bebop_002_.wav,.wav,1,directory:yes_drone,32846,da514dcb53f0cd89f362da3bd552209b8235f13854a52d3cfd1c68bbb5e73f0d
drone_audio,yes_drone/mixed_32-bebop_003_.wav,mixed_32-bebop_003_.wav,.wav,1,directory:yes_drone,32846,06d3311651c9f044551fe118d0fb96aa8c53a86ba8153c92d68daef15d7bb2fb
drone_audio,yes_drone/mixed_32-bebop_004_.wav,mixed_32-bebop_004_.wav,.wav,1,directory:yes_drone,32846,37fdfe12ba7c962cdfa7d2d20537e989c5506b7fd8f5e184682f3af76bdafc7f
drone_audio,yes_drone/mixed_33-bebop_000_.wav,mixed_33-bebop_000_.wav,.wav,1,directory:yes_drone,32846,0e857501e30404b345f39d9e6e4df1c3db13a31a767df02720270c9ed410f7d4
drone_audio,yes_drone/mixed_33-bebop_001_.wav,mixed_33-bebop_001_.wav,.wav,1,directory:yes_drone,32846,af7cd84a7f8b468f57001637d6698a0471e1cb1d8037d32c650668e4986fc313
drone_audio,yes_drone/mixed_33-bebop_002_.wav,mixed_33-bebop_002_.wav,.wav,1,directory:yes_drone,32846,8ee99e157f493ed32e4e65769ee54b5933216cc18f963ede37774d356a588ca7
drone_audio,yes_drone/mixed_33-bebop_003_.wav,mixed_33-bebop_003_.wav,.wav,1,directory:yes_drone,32846,1d2e3d9cdc4dec5325f60cf5ee4903dfa2086b49d795f0d9640cc355a231f562
drone_audio,yes_drone/mixed_33-bebop_004_.wav,mixed_33-bebop_004_.wav,.wav,1,directory:yes_drone,29006,25b9a63a2cb72cdfcef378dc96f1662e4b7de07132c572d616aabcc7689b4fa5
drone_audio,yes_drone/mixed_34-bebop_000_.wav,mixed_34-bebop_000_.wav,.wav,1,directory:yes_drone,32846,6fbf34b8dc1e511f431aebb11860985ecc23cbb800ced9a7110b29cb8557e3eb
drone_audio,yes_drone/mixed_34-bebop_001_.wav,mixed_34-bebop_001_.wav,.wav,1,directory:yes_drone,32846,4d11c7aee7c62761dd1f45b04f72910c5ec1e2ce068a0e1386c18ecf0032f399
drone_audio,yes_drone/mixed_34-bebop_002_.wav,mixed_34-bebop_002_.wav,.wav,1,directory:yes_drone,32846,cbab0c2b75c9afd2653855c428710b27adbe59fa574974f6592f9677437954d1
drone_audio,yes_drone/mixed_34-bebop_003_.wav,mixed_34-bebop_003_.wav,.wav,1,directory:yes_drone,32846,a66a1a403154e3a76aca6e0405014bbc8f528089a63351af85250c1647e75872
drone_audio,yes_drone/mixed_34-bebop_004_.wav,mixed_34-bebop_004_.wav,.wav,1,directory:yes_drone,29006,fb12030797fb42d46df3abee2c7e5b83edce6e654799cdb9f9869385bf99d85e
drone_audio,yes_drone/mixed_35-bebop_000_.wav,mixed_35-bebop_000_.wav,.wav,1,directory:yes_drone,32846,df5b539798ad790b76a47f00e354d8fc0847b33fd9ff1175613c6bed8b544d1e
drone_audio,yes_drone/mixed_35-bebop_001_.wav,mixed_35-bebop_001_.wav,.wav,1,directory:yes_drone,32846,0a67522b220afd81bb9b842da4e627edf7650f4375eb36807d54d02e79017cec
drone_audio,yes_drone/mixed_35-bebop_002_.wav,mixed_35-bebop_002_.wav,.wav,1,directory:yes_drone,32846,676985c78b82ea2c86d32e4c3fd916abb8b43ec974599bdc1710515dded2421a
drone_audio,yes_drone/mixed_35-bebop_003_.wav,mixed_35-bebop_003_.wav,.wav,1,directory:yes_drone,32846,1af5abe2d98e09bc6e51311cd9d637cec7f89ecbcc11aaadcd1887ecde5e6e4d
drone_audio,yes_drone/mixed_35-bebop_004_.wav,mixed_35-bebop_004_.wav,.wav,1,directory:yes_drone,29006,50d9851cb883ce683257e1046782434a299525b69db29a5529a7571c0d2b5aa4
drone_audio,yes_drone/mixed_36-bebop_000_.wav,mixed_36-bebop_000_.wav,.wav,1,directory:yes_drone,32846,6fa630e8af2b1ac66d7007514898dcbfc605169f54aea69655543cce8ec508dc
drone_audio,yes_drone/mixed_36-bebop_001_.wav,mixed_36-bebop_001_.wav,.wav,1,directory:yes_drone,32846,4eeafbd0ad9966b9018a9e5c8bb08fd35bcee449a73eb57275b9e2288929055c
drone_audio,yes_drone/mixed_36-bebop_002_.wav,mixed_36-bebop_002_.wav,.wav,1,directory:yes_drone,32846,b5fcad548db33c14fce1ffd2cbafd63ea40ae04e6f9434e108e0ad51db438798
drone_audio,yes_drone/mixed_36-bebop_003_.wav,mixed_36-bebop_003_.wav,.wav,1,directory:yes_drone,32846,129be48c3bae9e96dcbefb16bbac2b2f71ce6f9f5e6d2fa6d425bf53e9eecb1d
drone_audio,yes_drone/mixed_36-bebop_004_.wav,mixed_36-bebop_004_.wav,.wav,1,directory:yes_drone,29006,185b17751fd5ed5d5da720011c25a2332748925e31bd78ce0b60934751451f41
drone_audio,yes_drone/mixed_37-bebop_000_.wav,mixed_37-bebop_000_.wav,.wav,1,directory:yes_drone,32846,ba7ccf54957afa5bc5b14735015ca03f47259744c4dc64a032db81afb7559fdd
drone_audio,yes_drone/mixed_37-bebop_001_.wav,mixed_37-bebop_001_.wav,.wav,1,directory:yes_drone,32846,3f000bacadf64385d3db0cc7a07189316a3773df28f0a8e8178186e1ce81174e
drone_audio,yes_drone/mixed_37-bebop_002_.wav,mixed_37-bebop_002_.wav,.wav,1,directory:yes_drone,32846,e52eb30aa044862b971fe2bb2fec07ce71dd8a186cf1f44833be160d9de28039
drone_audio,yes_drone/mixed_37-bebop_003_.wav,mixed_37-bebop_003_.wav,.wav,1,directory:yes_drone,32846,be46a5593abe1d4e7c416e2ef6a5f4bb07e306145a39c264a8b9dce0a254fc7e
drone_audio,yes_drone/mixed_37-bebop_004_.wav,mixed_37-bebop_004_.wav,.wav,1,directory:yes_drone,29006,ee86a782d9e9a2c3545ffb7aadbf16ec794298b2c47fcdb8dcef71d540f88d74
drone_audio,yes_drone/mixed_38-bebop_000_.wav,mixed_38-bebop_000_.wav,.wav,1,directory:yes_drone,32846,2fad5becba09a2c005fe4f36d8f8eaf4e7c7e27576be4173c5b3d5c6c42edaed
drone_audio,yes_drone/mixed_38-bebop_001_.wav,mixed_38-bebop_001_.wav,.wav,1,directory:yes_drone,32846,5ec44891113151b9e1d9d5ab1fddd95f458ea71655535702fb4f9589d3b5d898
drone_audio,yes_drone/mixed_38-bebop_002_.wav,mixed_38-bebop_002_.wav,.wav,1,directory:yes_drone,32846,6b6f791ff9cca557b37fa400415aafea370127cd582394d5a51bd559c6209c14
drone_audio,yes_drone/mixed_38-bebop_003_.wav,mixed_38-bebop_003_.wav,.wav,1,directory:yes_drone,32846,a5c9ac8cc4db50f1b6ecaa88866be393b9dfd0fa593a157918984706ec7c2e7e
drone_audio,yes_drone/mixed_38-bebop_004_.wav,mixed_38-bebop_004_.wav,.wav,1,directory:yes_drone,29006,ab95ad6d6ba0f2f250cbf5bac8517313dff79f8f8af1c4315be19c3ff276c53b
drone_audio,yes_drone/mixed_39-bebop_000_.wav,mixed_39-bebop_000_.wav,.wav,1,directory:yes_drone,32846,d70be186d299bc679f86d21e9517e317ea89dffc46141a1688d117baf6a7c8b9
drone_audio,yes_drone/mixed_39-bebop_001_.wav,mixed_39-bebop_001_.wav,.wav,1,directory:yes_drone,32846,93ec5d79881857933a7a8ee95bf87988ec26fa9be34cf1cbdc9fdc656ef2b91d
drone_audio,yes_drone/mixed_39-bebop_002_.wav,mixed_39-bebop_002_.wav,.wav,1,directory:yes_drone,32846,453f0ccb34cee46a676a0a0efbe10aa780ba3f7ab55c7d714f571c5cf2d9ac3c
drone_audio,yes_drone/mixed_39-bebop_003_.wav,mixed_39-bebop_003_.wav,.wav,1,directory:yes_drone,32846,c9bcc19d1ce7e1ce855abf379b142e233055fa9d52ba02fefc698ffe65d96d9d
drone_audio,yes_drone/mixed_39-bebop_004_.wav,mixed_39-bebop_004_.wav,.wav,1,directory:yes_drone,29006,f90b4b972eaa958a721d366a8d21a67bbef474cd6b938b77090ba3574bda0526
drone_audio,yes_drone/mixed_4-bebop_000_.wav,mixed_4-bebop_000_.wav,.wav,1,directory:yes_drone,32846,8abb4b26fbae6ef535a2542de14561439f160241c57be6f5fd9cc312c422e8ed
drone_audio,yes_drone/mixed_4-bebop_001_.wav,mixed_4-bebop_001_.wav,.wav,1,directory:yes_drone,32846,5a8aff96518b070cb024802a5da927df02ee170866066f40dc0ffd53cb260676
drone_audio,yes_drone/mixed_4-bebop_002_.wav,mixed_4-bebop_002_.wav,.wav,1,directory:yes_drone,32846,17da73caacb8b41a5d822474f59a3e534d16c7017e7e7296a5a68a3c0673536e
drone_audio,yes_drone/mixed_4-bebop_003_.wav,mixed_4-bebop_003_.wav,.wav,1,directory:yes_drone,32846,7cc6fa22dfc657e3ec2914d950c96a38f72fb851515a05e28a531fe5c7402cd9
drone_audio,yes_drone/mixed_4-bebop_004_.wav,mixed_4-bebop_004_.wav,.wav,1,directory:yes_drone,29006,82ba2e418976fa9cf24eab9f00094c9c6d2f5f6f5c60d1559183619d4e37f76b
drone_audio,yes_drone/mixed_40-bebop_000_.wav,mixed_40-bebop_000_.wav,.wav,1,directory:yes_drone,32846,b0ccfab00fe3a88743c0f2343a7dce7976bb2db76cdd2abc67bcf17aae7924e8
drone_audio,yes_drone/mixed_40-bebop_001_.wav,mixed_40-bebop_001_.wav,.wav,1,directory:yes_drone,32846,24eac7d72931f2f563e0bd88c506c0c4391261299fec3f58f0627487a91fd539
drone_audio,yes_drone/mixed_40-bebop_002_.wav,mixed_40-bebop_002_.wav,.wav,1,directory:yes_drone,32846,12da0099cf34857e38a405f9e518826d3d414b7fb969bd2c3fa3c0aa929bb7bb
drone_audio,yes_drone/mixed_40-bebop_003_.wav,mixed_40-bebop_003_.wav,.wav,1,directory:yes_drone,32846,9216a75bd017e89769704bef3d3296eba6ee9e51538e3eb1d530111ffc6e3783
drone_audio,yes_drone/mixed_40-bebop_004_.wav,mixed_40-bebop_004_.wav,.wav,1,directory:yes_drone,29006,7312d28d54fed4a178f2de7e745b1777f3b26fbbb9cf74741f14d829b7fbeb7f
drone_audio,yes_drone/mixed_41-bebop_000_.wav,mixed_41-bebop_000_.wav,.wav,1,directory:yes_drone,32846,2999b1b5085a5f78f2104f999026cba75db51c77fbfaefe345a1b0711bf57d0a
drone_audio,yes_drone/mixed_41-bebop_001_.wav,mixed_41-bebop_001_.wav,.wav,1,directory:yes_drone,32846,c01985c79d76d35c4aa3c54c2d3d1c435de59eb695f5e15cfbfa3a62a42a13a8
drone_audio,yes_drone/mixed_41-bebop_002_.wav,mixed_41-bebop_002_.wav,.wav,1,directory:yes_drone,32846,9cd0ca512930e45038b4ce2bbf820890d107f4d14218afe38b2850be9ef1efcf
drone_audio,yes_drone/mixed_41-bebop_003_.wav,mixed_41-bebop_003_.wav,.wav,1,directory:yes_drone,32846,e68f335124331fac3e699f482cb5a767903e22aae9ade36c0eb672cbce617d9f
drone_audio,yes_drone/mixed_41-bebop_004_.wav,mixed_41-bebop_004_.wav,.wav,1,directory:yes_drone,29006,f9ae9664dc5a80700d91c18592226b847120e06b3a996e149546b6effbbc04b4
drone_audio,yes_drone/mixed_42-bebop_000_.wav,mixed_42-bebop_000_.wav,.wav,1,directory:yes_drone,32846,d8a8d83d9f3616966e5acbe2e258b965cf1cfed98dc5da68c471634e432f23b3
drone_audio,yes_drone/mixed_42-bebop_001_.wav,mixed_42-bebop_001_.wav,.wav,1,directory:yes_drone,32846,645dd7f97b71876037326e1785928de541a80668dfdde71015417b4e951cdf46
drone_audio,yes_drone/mixed_42-bebop_002_.wav,mixed_42-bebop_002_.wav,.wav,1,directory:yes_drone,32846,9fe6e4d93e1d3e2163f9d25b8c920a45f8ca85e0d1fa467ebd60f071f2d2e01f
drone_audio,yes_drone/mixed_42-bebop_003_.wav,mixed_42-bebop_003_.wav,.wav,1,directory:yes_drone,32846,2ebaa8225398b2e98dac704a461c0b8a4936e4a14bfa532dacff9a15954f66c8
drone_audio,yes_drone/mixed_42-bebop_004_.wav,mixed_42-bebop_004_.wav,.wav,1,directory:yes_drone,29006,8fef9aa575b958a57d6c16dfd84c06edc3dc4ac418fbdb4b2f5df58a6f9aafd0
drone_audio,yes_drone/mixed_43-bebop_000_.wav,mixed_43-bebop_000_.wav,.wav,1,directory:yes_drone,32846,ebc840c0c3c4568ae6e15bf0ac8d98bc449f1fc41d4fe083d28ac2065ed4f6e2
drone_audio,yes_drone/mixed_43-bebop_001_.wav,mixed_43-bebop_001_.wav,.wav,1,directory:yes_drone,32846,f94f59f2151a468877c618728ad897d3d8e4e7546f3f428ff7f1ae0a28579707
drone_audio,yes_drone/mixed_43-bebop_002_.wav,mixed_43-bebop_002_.wav,.wav,1,directory:yes_drone,32846,92c7f85ec24015726f2a69a74baa109e6bef7028905b682b726cd7207a4c9221
drone_audio,yes_drone/mixed_43-bebop_003_.wav,mixed_43-bebop_003_.wav,.wav,1,directory:yes_drone,32846,896b4db76d535b1eea0b4aaca43459edf228a771dd4ba81f3465e58297b6cc66
drone_audio,yes_drone/mixed_43-bebop_004_.wav,mixed_43-bebop_004_.wav,.wav,1,directory:yes_drone,29006,d0f501356b144a1d7870ad0fe685c426540bc1d4958838fba48d8dec8f522b8f
drone_audio,yes_drone/mixed_44-bebop_000_.wav,mixed_44-bebop_000_.wav,.wav,1,directory:yes_drone,32846,dd1d63e0563a95f4509e498d0347c0b9443097005cb380a421e9a2f5c8cbea19
drone_audio,yes_drone/mixed_44-bebop_001_.wav,mixed_44-bebop_001_.wav,.wav,1,directory:yes_drone,32846,647f4008551cea410f8323dbd2f317e65bf672432ba4b738c202f2662ffe5c23
drone_audio,yes_drone/mixed_44-bebop_002_.wav,mixed_44-bebop_002_.wav,.wav,1,directory:yes_drone,32846,60d28bf616a45dcc5c588997d56a50bdf1b0ca9394685be8f3b1f381f2e02bef
drone_audio,yes_drone/mixed_44-bebop_003_.wav,mixed_44-bebop_003_.wav,.wav,1,directory:yes_drone,32846,13229b977ac73b84e71dbd784ed0c4e7c546404b73909b9e66d9980f559a2553
drone_audio,yes_drone/mixed_44-bebop_004_.wav,mixed_44-bebop_004_.wav,.wav,1,directory:yes_drone,29006,5020e6925a436a6ca4cff0d404ab9a966bc6c1062073e03756c6b76dcc5e0365
drone_audio,yes_drone/mixed_45-bebop_000_.wav,mixed_45-bebop_000_.wav,.wav,1,directory:yes_drone,32846,fcf40fff40cefd8051e9a2ddae1a1e107745b1737243ad9e9ca2bd0860642cef
drone_audio,yes_drone/mixed_45-bebop_001_.wav,mixed_45-bebop_001_.wav,.wav,1,directory:yes_drone,32846,ea4b772b2b3df7c07a89ade9b0fc2f6b20dfe64c711d1dbfa1c6aca37052f706
drone_audio,yes_drone/mixed_45-bebop_002_.wav,mixed_45-bebop_002_.wav,.wav,1,directory:yes_drone,32846,d85c45f2e591befaee278205fe405daeb4a5079c0d2b4e5b4ba9e6e884504dbd
drone_audio,yes_drone/mixed_45-bebop_003_.wav,mixed_45-bebop_003_.wav,.wav,1,directory:yes_drone,32846,0b23496023244dc78d3ca58fce168ca5373275aa53757389be1427a0a3f9fb16
drone_audio,yes_drone/mixed_45-bebop_004_.wav,mixed_45-bebop_004_.wav,.wav,1,directory:yes_drone,29006,4002bfae438c9930c6ef1bc6b8d94a0cf991f7c9cb073d70c8bb48571855e065
drone_audio,yes_drone/mixed_46-bebop_000_.wav,mixed_46-bebop_000_.wav,.wav,1,directory:yes_drone,32846,4308932338d9b643951da8b3b28124eb5798c24c2eb7629e2687f853cd405d75
drone_audio,yes_drone/mixed_46-bebop_001_.wav,mixed_46-bebop_001_.wav,.wav,1,directory:yes_drone,32846,2ca8b78f10480d6473c11bdafec0bb1e753970e6625deaa5ef90a425e9cf9c16
drone_audio,yes_drone/mixed_46-bebop_002_.wav,mixed_46-bebop_002_.wav,.wav,1,directory:yes_drone,32846,71cf144e9f8b01d70d1f514472301350de910cc0c86b362d377ebc84c0403dc8
drone_audio,yes_drone/mixed_46-bebop_003_.wav,mixed_46-bebop_003_.wav,.wav,1,directory:yes_drone,32846,2f32fb82a993bc8a060a2f1db1f8bd5a619126f4010bac137b95c56efdc075aa
drone_audio,yes_drone/mixed_46-bebop_004_.wav,mixed_46-bebop_004_.wav,.wav,1,directory:yes_drone,29006,31115dbdeddd367e2a746cade336dff5314335803249c5e09a0df54207a38d8c
drone_audio,yes_drone/mixed_47-bebop_000_.wav,mixed_47-bebop_000_.wav,.wav,1,directory:yes_drone,32846,0555cdd60d3bed350b42e490400e4619148ef4fa243710afc80e94f8e4f2b0bc
drone_audio,yes_drone/mixed_47-bebop_001_.wav,mixed_47-bebop_001_.wav,.wav,1,directory:yes_drone,32846,c97e7f0377be641cc2ce8477df104cbc4733aaf380900768c1a5f5effcabf421
drone_audio,yes_drone/mixed_47-bebop_002_.wav,mixed_47-bebop_002_.wav,.wav,1,directory:yes_drone,32846,0074a9adde59c6dfff2df9d16dd2d8ee7856bed7cf5282f23b541b4317182124
drone_audio,yes_drone/mixed_47-bebop_003_.wav,mixed_47-bebop_003_.wav,.wav,1,directory:yes_drone,32846,81c56542c211f88b080c07707295e28ece178c8cb863e09d8c040d91196f850b
drone_audio,yes_drone/mixed_47-bebop_004_.wav,mixed_47-bebop_004_.wav,.wav,1,directory:yes_drone,29006,c529876261c73660fb56d1ac7f73f78cfe08a5c32e0c901fe93daf4fcc5e1745
drone_audio,yes_drone/mixed_48-bebop_000_.wav,mixed_48-bebop_000_.wav,.wav,1,directory:yes_drone,32846,8259e8e08a5ee497037781a185c9034640a3294824a166e6032f1ba839c4c384
drone_audio,yes_drone/mixed_48-bebop_001_.wav,mixed_48-bebop_001_.wav,.wav,1,directory:yes_drone,32846,69bef6fa8840f2464307d5a701d107ac08a9d35f3bb64a823c878a3922bfecbe
drone_audio,yes_drone/mixed_48-bebop_002_.wav,mixed_48-bebop_002_.wav,.wav,1,directory:yes_drone,32846,cd60df703f81485713f13047bba97a10038b90ff1ddd25387105275eade284db
drone_audio,yes_drone/mixed_48-bebop_003_.wav,mixed_48-bebop_003_.wav,.wav,1,directory:yes_drone,32846,d572182d5584fd3d3071dd92b136ae53c8046180862a88b156f712d43d6c1e7a
drone_audio,yes_drone/mixed_48-bebop_004_.wav,mixed_48-bebop_004_.wav,.wav,1,directory:yes_drone,32846,7a6bc6f679c299f29b6edc0e8692fdf8c5ce3fc8ec2745388a65d30a56eab6a6
drone_audio,yes_drone/mixed_49-bebop_000_.wav,mixed_49-bebop_000_.wav,.wav,1,directory:yes_drone,32846,f8152b4241895f62b335e321039c8b36dc4c5dcad8dd5dd74a91e367aa4e34ee
drone_audio,yes_drone/mixed_49-bebop_001_.wav,mixed_49-bebop_001_.wav,.wav,1,directory:yes_drone,32846,99230944667153be8b8c7d8ed9a2dba2714693075a15440c68a90f6a8e85c434
drone_audio,yes_drone/mixed_49-bebop_002_.wav,mixed_49-bebop_002_.wav,.wav,1,directory:yes_drone,32846,4d320945acf8ed24f3cae85a13db161ba8c87fca3a10e69ce553b7f06c5854f7
drone_audio,yes_drone/mixed_49-bebop_003_.wav,mixed_49-bebop_003_.wav,.wav,1,directory:yes_drone,32846,77a889e13a43aca1e7ff0be5d450937487f66ecacd68a26f0b18c35f9eec709d
drone_audio,yes_drone/mixed_49-bebop_004_.wav,mixed_49-bebop_004_.wav,.wav,1,directory:yes_drone,29006,444a2b4fc2996681d13cd37654571ffa150b5eeae92f8a22e9c53e278592a404
drone_audio,yes_drone/mixed_5-bebop_000_.wav,mixed_5-bebop_000_.wav,.wav,1,directory:yes_drone,32846,bdcc10917f48e1a62f240a807f6dc16f1bbb768ffcc3c1b15923635cc9b2754e
drone_audio,yes_drone/mixed_5-bebop_001_.wav,mixed_5-bebop_001_.wav,.wav,1,directory:yes_drone,32846,f2b7b574dab674023084703578c9b5ef3a5689c478e9da2831537e907609db9a
drone_audio,yes_drone/mixed_5-bebop_002_.wav,mixed_5-bebop_002_.wav,.wav,1,directory:yes_drone,32846,7665dfef8ac8d179a36ceb6107c4ca1ab477b4d10b8066bce698706816c6deec
drone_audio,yes_drone/mixed_5-bebop_003_.wav,mixed_5-bebop_003_.wav,.wav,1,directory:yes_drone,32846,a383a49dbfd4d5a6c2d2c70d1b298e7bcee893273e500d4f5f6084d8599face2
drone_audio,yes_drone/mixed_5-bebop_004_.wav,mixed_5-bebop_004_.wav,.wav,1,directory:yes_drone,29006,fe4d0fb2e3560cd7a950085c13d47fede3af5640c2710c92a7e2d0264c27a742
drone_audio,yes_drone/mixed_50-bebop_000_.wav,mixed_50-bebop_000_.wav,.wav,1,directory:yes_drone,32846,ae496e48d1f50598442d595f2e36d0cde49ad08373ec17277977429c31032398
drone_audio,yes_drone/mixed_50-bebop_001_.wav,mixed_50-bebop_001_.wav,.wav,1,directory:yes_drone,32846,142c6738c8bf21f3dfadcf4d09785ae964c37d2ca52874775d1a5ce24eaff865
drone_audio,yes_drone/mixed_50-bebop_002_.wav,mixed_50-bebop_002_.wav,.wav,1,directory:yes_drone,32846,53806e181cc7f370d7228b1be39c730ff701ed0b2fb1692b113abc019fe2fddf
drone_audio,yes_drone/mixed_50-bebop_003_.wav,mixed_50-bebop_003_.wav,.wav,1,directory:yes_drone,32846,3ebb36acd13cac5776b9264f9bf0c1f23958dae7c36dfe8167b9ba49c4d0b428
drone_audio,yes_drone/mixed_50-bebop_004_.wav,mixed_50-bebop_004_.wav,.wav,1,directory:yes_drone,29006,31a782d0a9ce21d6097bff6b77b6785d0bf1f5847e244fab54fec7234c043505
drone_audio,yes_drone/mixed_51-bebop_000_.wav,mixed_51-bebop_000_.wav,.wav,1,directory:yes_drone,32846,5cd6ca00d3518c2653d288d5f5a2fad374028d16e6a6a8364120a871743ee60c
drone_audio,yes_drone/mixed_51-bebop_001_.wav,mixed_51-bebop_001_.wav,.wav,1,directory:yes_drone,32846,29611d8880d684021e16b5c70477f12a512753d61d089f838621d79a008366b5
drone_audio,yes_drone/mixed_51-bebop_002_.wav,mixed_51-bebop_002_.wav,.wav,1,directory:yes_drone,32846,40bd13d614626fc89dbc3876e51c1a748922fc2be82431ca8038b3ab3db7ef3d
drone_audio,yes_drone/mixed_51-bebop_003_.wav,mixed_51-bebop_003_.wav,.wav,1,directory:yes_drone,32846,40ac3aafd5b3e483023ad596959de384b3107849295fbc03c544c0b92a1638e4
drone_audio,yes_drone/mixed_51-bebop_004_.wav,mixed_51-bebop_004_.wav,.wav,1,directory:yes_drone,29006,16be01f0422197f8e84bbde18d526158d61c9945bbf34dbd67d2dff4c12faaf8
drone_audio,yes_drone/mixed_52-bebop_000_.wav,mixed_52-bebop_000_.wav,.wav,1,directory:yes_drone,32846,f2a0ae327be406b91407ffbff139f366e8e17d3831e9024fd2b1b76225501e5f
drone_audio,yes_drone/mixed_52-bebop_001_.wav,mixed_52-bebop_001_.wav,.wav,1,directory:yes_drone,32846,e714764d8177a117170319114304c823fe7305823a70c0b1f43fd82bd2c07651
drone_audio,yes_drone/mixed_52-bebop_002_.wav,mixed_52-bebop_002_.wav,.wav,1,directory:yes_drone,32846,45a83c60eebce2ec21607377cb8923e0dba7d29266f4bdc1f907db55f68c02f1
drone_audio,yes_drone/mixed_52-bebop_003_.wav,mixed_52-bebop_003_.wav,.wav,1,directory:yes_drone,32846,830c0646a19542cd6385b7587e285753da5a52db7fe730140f5b9691aa401f15
drone_audio,yes_drone/mixed_52-bebop_004_.wav,mixed_52-bebop_004_.wav,.wav,1,directory:yes_drone,29006,73f6bc310c85ab21ae3375f3bf541c1b5dc3dfd454427f7a910482ab9f605f83
drone_audio,yes_drone/mixed_53-bebop_000_.wav,mixed_53-bebop_000_.wav,.wav,1,directory:yes_drone,32846,d9f6dd7931442a600c7e3c7bb5c7b46905ea123ff0ea321de845b987b2b39f5a
drone_audio,yes_drone/mixed_53-bebop_001_.wav,mixed_53-bebop_001_.wav,.wav,1,directory:yes_drone,32846,02c1711e577fbf0409930e0d9c5b361ae3248d10b623091c463b8e8d60a1bfd0
drone_audio,yes_drone/mixed_53-bebop_002_.wav,mixed_53-bebop_002_.wav,.wav,1,directory:yes_drone,32846,d6407b0ccbf2a2130c078ca11aa8701ea4ddb474b3e1b0f087a61c91bb1b49c4
drone_audio,yes_drone/mixed_53-bebop_003_.wav,mixed_53-bebop_003_.wav,.wav,1,directory:yes_drone,32846,45a174687dc41946bdbff42f387bc94e0ee231a5cd6247417b4b46b97ca3a831
drone_audio,yes_drone/mixed_53-bebop_004_.wav,mixed_53-bebop_004_.wav,.wav,1,directory:yes_drone,29006,287d45dee64c7b0437899f579def05e3c9264482d742e3f5f63d5bc22835506d
drone_audio,yes_drone/mixed_54-bebop_000_.wav,mixed_54-bebop_000_.wav,.wav,1,directory:yes_drone,32846,1c05544c8f079a14f060e42ea11ddb529f382c91d217c42829ba7c419f8a5305
drone_audio,yes_drone/mixed_54-bebop_001_.wav,mixed_54-bebop_001_.wav,.wav,1,directory:yes_drone,32846,070007f6359876bf116dd50f6a6e81eaba59a6cb7185aa1bac12053aff0732eb
drone_audio,yes_drone/mixed_54-bebop_002_.wav,mixed_54-bebop_002_.wav,.wav,1,directory:yes_drone,32846,6faf2b036fc837b43ecff1b257c27adf5e52a0d954c59bb1386227ea75f65195
drone_audio,yes_drone/mixed_54-bebop_003_.wav,mixed_54-bebop_003_.wav,.wav,1,directory:yes_drone,32846,fb09c7bf97ef9bdec9caac968667f29f318e4d4200b8c943759593fefa450392
drone_audio,yes_drone/mixed_54-bebop_004_.wav,mixed_54-bebop_004_.wav,.wav,1,directory:yes_drone,29006,894362ff7c386ae4b48097018f6e6dab5e6d0567cd7a5a03fefb864d49ab272a
drone_audio,yes_drone/mixed_55-bebop_000_.wav,mixed_55-bebop_000_.wav,.wav,1,directory:yes_drone,32846,ce3df0b6d2faae1efd070cfb0a1d7c6f711218524c7ebb96ae2395e3a170f951
drone_audio,yes_drone/mixed_55-bebop_001_.wav,mixed_55-bebop_001_.wav,.wav,1,directory:yes_drone,32846,75a8a7cf9f41f577feef803429b25556f77acb66f453634fe14ca2beacc4ee46
drone_audio,yes_drone/mixed_55-bebop_002_.wav,mixed_55-bebop_002_.wav,.wav,1,directory:yes_drone,32846,019c4aa007b8a4d9a69da3f1c22f761a09f1d0455a914fc853aa3b5fb336841b
drone_audio,yes_drone/mixed_55-bebop_003_.wav,mixed_55-bebop_003_.wav,.wav,1,directory:yes_drone,32846,d9885f137690c1bbc6570cb43bec79235764aa6d6bc085166ce09b4c2f1041e6
drone_audio,yes_drone/mixed_55-bebop_004_.wav,mixed_55-bebop_004_.wav,.wav,1,directory:yes_drone,29006,d7c3c902214087afc1e78242b804fcd705ed269080981d1cf02eec512e75226b
drone_audio,yes_drone/mixed_56-bebop_000_.wav,mixed_56-bebop_000_.wav,.wav,1,directory:yes_drone,32846,42dd6b57c5452f2f73625bc55d575790cafe140a8b56e1a7059c9381aa2a2d4f
drone_audio,yes_drone/mixed_56-bebop_001_.wav,mixed_56-bebop_001_.wav,.wav,1,directory:yes_drone,32846,18aee2d3f3b5329b838fd6e2531cdc106cf80310dce9ad4f6b894c77feba03b4
drone_audio,yes_drone/mixed_56-bebop_002_.wav,mixed_56-bebop_002_.wav,.wav,1,directory:yes_drone,32846,0309e07f330efaa9ab7db5b40c8a7cdf239a367f666e7b7b917039643c81a328
drone_audio,yes_drone/mixed_56-bebop_003_.wav,mixed_56-bebop_003_.wav,.wav,1,directory:yes_drone,32846,49d5857e64b982767be5aba877b1fd9a4223dd9d792def3334c6b1deb5659c95
drone_audio,yes_drone/mixed_56-bebop_004_.wav,mixed_56-bebop_004_.wav,.wav,1,directory:yes_drone,29006,9b6bd9fc2847b15be81b5eeddedd9bbf28e0403e6ec5472d6e91ad176d69ed29
drone_audio,yes_drone/mixed_57-bebop_000_.wav,mixed_57-bebop_000_.wav,.wav,1,directory:yes_drone,32846,67f38a7da5da1c0790f719eceb4dca1309f423ac6392ac2d120ba1043ce2b7d8
drone_audio,yes_drone/mixed_57-bebop_001_.wav,mixed_57-bebop_001_.wav,.wav,1,directory:yes_drone,32846,7f3b1bdc58c34364e66843c43bc556b51a30870e35634b24f76f54f21b33c528
drone_audio,yes_drone/mixed_57-bebop_002_.wav,mixed_57-bebop_002_.wav,.wav,1,directory:yes_drone,32846,a11c7134d4a18a078515e4182ce108dc5be811a0dfe4430c36dd5a6cc6ebf992
drone_audio,yes_drone/mixed_57-bebop_003_.wav,mixed_57-bebop_003_.wav,.wav,1,directory:yes_drone,32846,fcfcea549aec08e6fdfa7bb81f6ac09f0233602847d69c57d1a4c6e33f0dd39a
drone_audio,yes_drone/mixed_57-bebop_004_.wav,mixed_57-bebop_004_.wav,.wav,1,directory:yes_drone,29006,524a9a497a7647ec3c515ea744f0702b97c637586994f05528b9787e644f2bc5
drone_audio,yes_drone/mixed_58-bebop_000_.wav,mixed_58-bebop_000_.wav,.wav,1,directory:yes_drone,32846,83f2bc1d62735022064be3645d24dea5ad3ee423a898d45caed6793705877b18
drone_audio,yes_drone/mixed_58-bebop_001_.wav,mixed_58-bebop_001_.wav,.wav,1,directory:yes_drone,32846,f0b9939456c446afb26f535ba87ce5ec664e2cd02b0f126c6a98475606cbaf8a
drone_audio,yes_drone/mixed_58-bebop_002_.wav,mixed_58-bebop_002_.wav,.wav,1,directory:yes_drone,32846,64538610732d55a3cb0cbd05435690bb252d6d2ea9ef1f95e89606e7c4c4eccb
drone_audio,yes_drone/mixed_58-bebop_003_.wav,mixed_58-bebop_003_.wav,.wav,1,directory:yes_drone,32846,cf89a1841a4a0d707c72456686db18db7516d008c877d5319620c5e3cb7e5b6d
drone_audio,yes_drone/mixed_58-bebop_004_.wav,mixed_58-bebop_004_.wav,.wav,1,directory:yes_drone,29006,0ac9f8e49aa9e080dc2e3a8e2de35f4946380ecd9d4e8281147004d511cfdd93
drone_audio,yes_drone/mixed_59-bebop_000_.wav,mixed_59-bebop_000_.wav,.wav,1,directory:yes_drone,32846,e0674beb8875ca0dac6be25b79b0c26095d295cfb441bd7530395c7ed6d8787c
drone_audio,yes_drone/mixed_59-bebop_001_.wav,mixed_59-bebop_001_.wav,.wav,1,directory:yes_drone,32846,47d2ecb675e8e4617dfdc6c2c3749c4d0a43a9be30cfed7c56d874c8f9e225ba
drone_audio,yes_drone/mixed_59-bebop_002_.wav,mixed_59-bebop_002_.wav,.wav,1,directory:yes_drone,32846,1ec4c4712f3928045bb9b2fc42e186589dddab05c4e8a04407682a9e051908a4
drone_audio,yes_drone/mixed_59-bebop_003_.wav,mixed_59-bebop_003_.wav,.wav,1,directory:yes_drone,32846,bb56e1b2f3815893c336cb79070a19787441af80257f99c3f013e449e1d93857
drone_audio,yes_drone/mixed_59-bebop_004_.wav,mixed_59-bebop_004_.wav,.wav,1,directory:yes_drone,29006,0b01ef7c2ea7aa3480451f3d066aa6e65799be319b6c528341bdec42ad089b24
drone_audio,yes_drone/mixed_6-bebop_000_.wav,mixed_6-bebop_000_.wav,.wav,1,directory:yes_drone,32846,e81b78c42cef8fab61cd2e1430f784d8c58114a730e067528bce580bc786f2ad
drone_audio,yes_drone/mixed_6-bebop_001_.wav,mixed_6-bebop_001_.wav,.wav,1,directory:yes_drone,32846,30dd04d8e787a20e2f1f03e0c34f71c2f7c6486b238a18a89d6579ad5916976b
drone_audio,yes_drone/mixed_6-bebop_002_.wav,mixed_6-bebop_002_.wav,.wav,1,directory:yes_drone,32846,442e5b7a23c7a559f4c4cf6e89b0ee98eeef1dd1b7377ba8cd9c843c0dde178d
drone_audio,yes_drone/mixed_6-bebop_003_.wav,mixed_6-bebop_003_.wav,.wav,1,directory:yes_drone,32846,6abb426889db322f2519fc4b61f616aec2cf2c88c372114431a71202a6fb6756
drone_audio,yes_drone/mixed_6-bebop_004_.wav,mixed_6-bebop_004_.wav,.wav,1,directory:yes_drone,29006,7dfc5ed1d2546df6f7582af9b567a5ac03473db9521b2216326632c7a25de3f9
drone_audio,yes_drone/mixed_60-bebop_000_.wav,mixed_60-bebop_000_.wav,.wav,1,directory:yes_drone,32846,86b1e959fe43dbba360d9fcef76724e445fd611423e8101838d0c8673f95b8de
drone_audio,yes_drone/mixed_60-bebop_001_.wav,mixed_60-bebop_001_.wav,.wav,1,directory:yes_drone,32846,1fee453b2b9cd5133e934687e55e791de1ed52aa8c6bf0dd80c98a97530b73a0
drone_audio,yes_drone/mixed_60-bebop_002_.wav,mixed_60-bebop_002_.wav,.wav,1,directory:yes_drone,32846,2ab3747cae0b7b9ceb9c94b24e8e5b1904dabb9bcdc222f4e1672d72c036efce
drone_audio,yes_drone/mixed_60-bebop_003_.wav,mixed_60-bebop_003_.wav,.wav,1,directory:yes_drone,32846,0c1847e3a24f160fddefa55ed2921beadbd3f324cae27514b6ada032535db176
drone_audio,yes_drone/mixed_60-bebop_004_.wav,mixed_60-bebop_004_.wav,.wav,1,directory:yes_drone,29006,9f30e746b8df6c378dd9dd9cb396da0cafc5969f8c01d1e789d17cfb9fff2bf6
drone_audio,yes_drone/mixed_61-bebop_000_.wav,mixed_61-bebop_000_.wav,.wav,1,directory:yes_drone,32846,610ff7b8bb0d98d381f109638ecf6b8b2d0d0e8ee8f75d961d2e8dc89f43395b
drone_audio,yes_drone/mixed_61-bebop_001_.wav,mixed_61-bebop_001_.wav,.wav,1,directory:yes_drone,32846,b0827e74899cec80c6d1590b60799bcf1b6983cdf9f27b1486bccc690b4f3535
drone_audio,yes_drone/mixed_61-bebop_002_.wav,mixed_61-bebop_002_.wav,.wav,1,directory:yes_drone,32846,04b3ad18245c3fec34e65ae7b0511fa9545d9f2d3a489fc8987856421566b68c
drone_audio,yes_drone/mixed_61-bebop_003_.wav,mixed_61-bebop_003_.wav,.wav,1,directory:yes_drone,32846,10415b1177948d7e3a90a2f6f033c42012667423247b40f15e0c951df1cec97f
drone_audio,yes_drone/mixed_61-bebop_004_.wav,mixed_61-bebop_004_.wav,.wav,1,directory:yes_drone,29006,1898a651d7afca92e122b694ef01ac876462af85ba4117c84e2d55e9fd004252
drone_audio,yes_drone/mixed_62-bebop_000_.wav,mixed_62-bebop_000_.wav,.wav,1,directory:yes_drone,32846,8251c7256753a06ff044ef02f9e5c6d0fb6d6f56e75645fa0fbace2ea25a9fe9
drone_audio,yes_drone/mixed_62-bebop_001_.wav,mixed_62-bebop_001_.wav,.wav,1,directory:yes_drone,32846,e2514f61b8ebae1213a59588ea10ac9b4248d0494c8e56ef89c1d6afdeb9db9d
drone_audio,yes_drone/mixed_62-bebop_002_.wav,mixed_62-bebop_002_.wav,.wav,1,directory:yes_drone,32846,79bc052bac9174b005b3d8984de64f0f1d3f6c875dc92da245dfc5ef82a1560b
drone_audio,yes_drone/mixed_62-bebop_003_.wav,mixed_62-bebop_003_.wav,.wav,1,directory:yes_drone,32846,e5d6401e6c5ea06ca6887ae2374db82bfc3c4c1d10c9685780bb8197f34c8dc9
drone_audio,yes_drone/mixed_62-bebop_004_.wav,mixed_62-bebop_004_.wav,.wav,1,directory:yes_drone,29006,dc1411c66e6cb1a2f5aa8e83233cdf901450e331d7e9030aa96f52b02d1d9a71
drone_audio,yes_drone/mixed_63-bebop_000_.wav,mixed_63-bebop_000_.wav,.wav,1,directory:yes_drone,32846,ccb4db6d24b2743cab5cd4d5bd870cc414098f8572b648cfb69ea5360732e371
drone_audio,yes_drone/mixed_63-bebop_001_.wav,mixed_63-bebop_001_.wav,.wav,1,directory:yes_drone,32846,1f0e135dedd3e7b26be5b6155f4ec09b797728b06676d6d86c05aed1cf780c77
drone_audio,yes_drone/mixed_63-bebop_002_.wav,mixed_63-bebop_002_.wav,.wav,1,directory:yes_drone,32846,8feb4889a88eef1282519701f2b13a5efdbbeea7cd69ae7171ace07a0beade9c
drone_audio,yes_drone/mixed_63-bebop_003_.wav,mixed_63-bebop_003_.wav,.wav,1,directory:yes_drone,32846,95562a28db4091880a44bf8c618de4901e55b6b22d0cbc36c577d3f948fb2d53
drone_audio,yes_drone/mixed_63-bebop_004_.wav,mixed_63-bebop_004_.wav,.wav,1,directory:yes_drone,29006,d004dd8308e6e3bcc28ed17e8a64a78db75742997d5d45233171a4bb9c7b63b1
drone_audio,yes_drone/mixed_64-bebop_000_.wav,mixed_64-bebop_000_.wav,.wav,1,directory:yes_drone,32846,9327949af2df215d9a220b2625aa60aeaa5a1188b000f9c2a67e6b156fc668fe
drone_audio,yes_drone/mixed_64-bebop_001_.wav,mixed_64-bebop_001_.wav,.wav,1,directory:yes_drone,32846,7393467a27d3654a3704e528c278121d52a706ff063e5ff0b1490ae50197e047
drone_audio,yes_drone/mixed_64-bebop_002_.wav,mixed_64-bebop_002_.wav,.wav,1,directory:yes_drone,32846,b989dba4e3c59a7535a891984ef1b867c63121093cf9bab5ef4e5e9c43b31e0c
drone_audio,yes_drone/mixed_64-bebop_003_.wav,mixed_64-bebop_003_.wav,.wav,1,directory:yes_drone,32846,93ee2f71d2271a676a8bcd48efe082be386482f6960c1fc546f491779d886dbb
drone_audio,yes_drone/mixed_64-bebop_004_.wav,mixed_64-bebop_004_.wav,.wav,1,directory:yes_drone,32846,df28efc8e664eee191fd16d3a590ac564918c3e1d07b4dffd7113c02b9b9212e
drone_audio,yes_drone/mixed_65-bebop_000_.wav,mixed_65-bebop_000_.wav,.wav,1,directory:yes_drone,32846,7193546e8e8ec2d92c134a20bc5bb53bd096abc638e01ae997c381b780595b3a
drone_audio,yes_drone/mixed_65-bebop_001_.wav,mixed_65-bebop_001_.wav,.wav,1,directory:yes_drone,32846,c21b55cdcc053883bb27d5313d4bb46f820b3ac03b77c60f7d6b9988bbba8f2c
drone_audio,yes_drone/mixed_65-bebop_002_.wav,mixed_65-bebop_002_.wav,.wav,1,directory:yes_drone,32846,90933082be843ffbac5f1adc5cd0fba53c4c499a5b9a2ff2d35accb796f4b691
drone_audio,yes_drone/mixed_65-bebop_003_.wav,mixed_65-bebop_003_.wav,.wav,1,directory:yes_drone,32846,3cf730f9c71988617a06fc7c070004f5ebee816904fe54a6ac97e77fd896c901
drone_audio,yes_drone/mixed_65-bebop_004_.wav,mixed_65-bebop_004_.wav,.wav,1,directory:yes_drone,29006,9456ef3a5899a9fa5ec8ad5fdd1a9cf84b12c5984e9f69e911c0fc858b17235e
drone_audio,yes_drone/mixed_66-bebop_000_.wav,mixed_66-bebop_000_.wav,.wav,1,directory:yes_drone,32846,dd34c6bec9c761e1380fb01d5ea8723d87ff5e01906c9fb68e2294e9eba32d9d
drone_audio,yes_drone/mixed_66-bebop_001_.wav,mixed_66-bebop_001_.wav,.wav,1,directory:yes_drone,32846,5b5c8e332f6cc4b6116e397fecb6b5e5d97a1166ecbcae73321d1bfb30b7b847
drone_audio,yes_drone/mixed_66-bebop_002_.wav,mixed_66-bebop_002_.wav,.wav,1,directory:yes_drone,32846,361705a619f37f2afe4637940a5f6bd71e63e1fa5730fed1a4b1f6d29eb0ab0d
drone_audio,yes_drone/mixed_66-bebop_003_.wav,mixed_66-bebop_003_.wav,.wav,1,directory:yes_drone,32846,ac9fc5267dd1d8831e4d957a51ea5d70b20c48f8d9a9c49ad001782c2cc42e55
drone_audio,yes_drone/mixed_66-bebop_004_.wav,mixed_66-bebop_004_.wav,.wav,1,directory:yes_drone,29006,20a4b1c89912beca415740eb826aedce9ec996123ac2dae53dbf54aa76a7add2
drone_audio,yes_drone/mixed_7-bebop_000_.wav,mixed_7-bebop_000_.wav,.wav,1,directory:yes_drone,32846,c1bd6c0cbae718d1a594142534a4585bbc7910ee0f62a2f830940743828e7a1d
drone_audio,yes_drone/mixed_7-bebop_001_.wav,mixed_7-bebop_001_.wav,.wav,1,directory:yes_drone,32846,5fb3bf79581d2f262003fdeedb32875b606d15ce75e9d9e5b5d761d5ac493d17
drone_audio,yes_drone/mixed_7-bebop_002_.wav,mixed_7-bebop_002_.wav,.wav,1,directory:yes_drone,32846,d2e3ac13d280936ac645de806742ff4fad45695b64210578e21fa565612bb2cb
drone_audio,yes_drone/mixed_7-bebop_003_.wav,mixed_7-bebop_003_.wav,.wav,1,directory:yes_drone,32846,2e7305fc70ad5b34a33ff0b3ae8de6b82f8ceed47090ade7b70e9e26e47549e8
drone_audio,yes_drone/mixed_7-bebop_004_.wav,mixed_7-bebop_004_.wav,.wav,1,directory:yes_drone,29006,1b8e862ad12c3d9b819f8fcd9887c37d9fd1569c8c69a3f446be1b1b5837c0c1
drone_audio,yes_drone/mixed_8-bebop_000_.wav,mixed_8-bebop_000_.wav,.wav,1,directory:yes_drone,32846,f4c5d299b95cad3611232b0f39f27295abc898670fb2459b51c0629a408d13a6
drone_audio,yes_drone/mixed_8-bebop_001_.wav,mixed_8-bebop_001_.wav,.wav,1,directory:yes_drone,32846,6df2b980c7ade293553c4551bc61508a4ea75b748b4a8f1eb1d3579483218d0a
drone_audio,yes_drone/mixed_8-bebop_002_.wav,mixed_8-bebop_002_.wav,.wav,1,directory:yes_drone,32846,c6c6c007a4eb8ff9a8709dab3dd9d48c75c7b85abdb11e904ba0fae5b092c5b3
drone_audio,yes_drone/mixed_8-bebop_003_.wav,mixed_8-bebop_003_.wav,.wav,1,directory:yes_drone,32846,18376b7d32871b2ecb48ae69ab021ad1535301c58e22babb843d5c4874e78066
drone_audio,yes_drone/mixed_8-bebop_004_.wav,mixed_8-bebop_004_.wav,.wav,1,directory:yes_drone,29006,4156980c52033a19bbe683007e60a60f58f3e7e2c593ea98753399cf46d517e6
drone_audio,yes_drone/mixed_9-bebop_000_.wav,mixed_9-bebop_000_.wav,.wav,1,directory:yes_drone,32846,b756e82e770ae3a18cabb0ec51c49a530cfb435d6d782498de21354eec908366
drone_audio,yes_drone/mixed_9-bebop_001_.wav,mixed_9-bebop_001_.wav,.wav,1,directory:yes_drone,32846,b66dde65262a055300b2898073f335235970953e290dac7bedd1118a8ccc684f
drone_audio,yes_drone/mixed_9-bebop_002_.wav,mixed_9-bebop_002_.wav,.wav,1,directory:yes_drone,32846,df4d7589065957b6435c5cb67b835685609a3b1ee9bc506129b082b44070e6b2
drone_audio,yes_drone/mixed_9-bebop_003_.wav,mixed_9-bebop_003_.wav,.wav,1,directory:yes_drone,32846,d79b44f9da1c53f8357d3de5a9181cd42671db267284221488eca5c7aea9a3a0
drone_audio,yes_drone/mixed_9-bebop_004_.wav,mixed_9-bebop_004_.wav,.wav,1,directory:yes_drone,29006,969da78ceeace80e144d847cb79afe49e7e57dc993f7071b99bb3a686541199f
drone_audio,yes_drone/mixed_membo_0-membo_000_.wav,mixed_membo_0-membo_000_.wav,.wav,1,directory:yes_drone,32846,132ff4829fd37f8af6ea4678f60c2d3928c14c6fef10d1afe0c945e83d046b58
drone_audio,yes_drone/mixed_membo_0-membo_001_.wav,mixed_membo_0-membo_001_.wav,.wav,1,directory:yes_drone,32846,f3f93521be2d5462216377bb090389c9c4ed8b4541ca42cb909bd481ea174865
drone_audio,yes_drone/mixed_membo_0-membo_002_.wav,mixed_membo_0-membo_002_.wav,.wav,1,directory:yes_drone,32846,a5913d61c555ae90c813e711fb0393dbc26c7452457b0c3db8195af85b419594
drone_audio,yes_drone/mixed_membo_0-membo_003_.wav,mixed_membo_0-membo_003_.wav,.wav,1,directory:yes_drone,32846,fc24b252ad5fafc3cc743a17680874b34dba3800b3f9aed6a5373e60748f8fad
drone_audio,yes_drone/mixed_membo_0-membo_004_.wav,mixed_membo_0-membo_004_.wav,.wav,1,directory:yes_drone,29006,c8bf914d51a82fde4ba1549b6697b72a8c146cff44c8bd5df24be74f13ffc709
drone_audio,yes_drone/mixed_membo_1-membo_000_.wav,mixed_membo_1-membo_000_.wav,.wav,1,directory:yes_drone,32846,6d01cb1cc2181a0eb12c812709711b031c3104efeabe3439b96bb5e98fd2dc8f
drone_audio,yes_drone/mixed_membo_1-membo_001_.wav,mixed_membo_1-membo_001_.wav,.wav,1,directory:yes_drone,32846,9e02048628d8603cfab6bf11a4b332856345bc9ecef5345097bab14c84efdd36
drone_audio,yes_drone/mixed_membo_1-membo_002_.wav,mixed_membo_1-membo_002_.wav,.wav,1,directory:yes_drone,32846,6dcbaf90a01f01c1726010a4352d8729806e4de9250abbccbd9869039faf928d
drone_audio,yes_drone/mixed_membo_1-membo_003_.wav,mixed_membo_1-membo_003_.wav,.wav,1,directory:yes_drone,32846,b77e36394d3329e0a8c0e8047d6505d85bb1e5cea0006bd9cf7d01f3b03a6545
drone_audio,yes_drone/mixed_membo_1-membo_004_.wav,mixed_membo_1-membo_004_.wav,.wav,1,directory:yes_drone,29006,f50bd1c0c3dfbe255cedc07c2963853e08a7e11ce04e67fea917e6f146841937
drone_audio,yes_drone/mixed_membo_10-membo_000_.wav,mixed_membo_10-membo_000_.wav,.wav,1,directory:yes_drone,32846,eee0b2e5e1423c6139de4f1c5715421c4bd09a025841ad711ae16ea6417ec9de
drone_audio,yes_drone/mixed_membo_10-membo_001_.wav,mixed_membo_10-membo_001_.wav,.wav,1,directory:yes_drone,32846,06686878531c9ed7f38be36d371ee7935f5c446bfb9e3561516a1fa165805cc3
drone_audio,yes_drone/mixed_membo_10-membo_002_.wav,mixed_membo_10-membo_002_.wav,.wav,1,directory:yes_drone,32846,8ff19a907531b7f0555adda185b359ecc4f768bde7ef2c4b7ccd144e35c96978
drone_audio,yes_drone/mixed_membo_10-membo_003_.wav,mixed_membo_10-membo_003_.wav,.wav,1,directory:yes_drone,32846,9cd2b7e60bf3b88e1725e5559ce2bf0f7d3b43820f48514320a66224a9b8adc6
drone_audio,yes_drone/mixed_membo_10-membo_004_.wav,mixed_membo_10-membo_004_.wav,.wav,1,directory:yes_drone,29006,a269a606b957f51141be53286a011b5671f9a952c89e88aff1d3e4b756ce1401
drone_audio,yes_drone/mixed_membo_11-membo_000_.wav,mixed_membo_11-membo_000_.wav,.wav,1,directory:yes_drone,32846,267938ea516d67bc5d5b74bd6f7a67e9ccdc90ee6269029f1b38f3b7dd438061
drone_audio,yes_drone/mixed_membo_11-membo_001_.wav,mixed_membo_11-membo_001_.wav,.wav,1,directory:yes_drone,32846,b44feaf85cbd010df60bfd02c60c7e1cba76c5ad63122230fbaf7bfc7e649419
drone_audio,yes_drone/mixed_membo_11-membo_002_.wav,mixed_membo_11-membo_002_.wav,.wav,1,directory:yes_drone,32846,1ef0fa3d8cf2849d009032b6ad635013db2817e00a7f4b305cb9f661251d9818
drone_audio,yes_drone/mixed_membo_11-membo_003_.wav,mixed_membo_11-membo_003_.wav,.wav,1,directory:yes_drone,32846,6c26ffeb7cc2082f6a5b27bedb88c959550414324b528aceefe993fd7ec45e3c
drone_audio,yes_drone/mixed_membo_11-membo_004_.wav,mixed_membo_11-membo_004_.wav,.wav,1,directory:yes_drone,29006,9162df36fb0aaec99bfb2cf3e54bcab8d93098947b5fc8e5db55d3fb7ce6bf55
drone_audio,yes_drone/mixed_membo_12-membo_000_.wav,mixed_membo_12-membo_000_.wav,.wav,1,directory:yes_drone,32846,d4ed92fcffca88f3dbdbd53e58cc507c28b5a04cfe2a5bfb84193198649354c0
drone_audio,yes_drone/mixed_membo_12-membo_001_.wav,mixed_membo_12-membo_001_.wav,.wav,1,directory:yes_drone,32846,f5aaf4c843f7e1ca9a05e72a93bd469fe6a417c27649b9a866b95153abf4d1dd
drone_audio,yes_drone/mixed_membo_12-membo_002_.wav,mixed_membo_12-membo_002_.wav,.wav,1,directory:yes_drone,32846,17b08fa68bb8e8be4b17fb1324f8d4f119b17dcb5958a4a1c08a95668895eda9
drone_audio,yes_drone/mixed_membo_12-membo_003_.wav,mixed_membo_12-membo_003_.wav,.wav,1,directory:yes_drone,32846,18e146ef9e17607f52672a0fcde1ace8857257332a2033300f9cc416246154b9
drone_audio,yes_drone/mixed_membo_12-membo_004_.wav,mixed_membo_12-membo_004_.wav,.wav,1,directory:yes_drone,29006,a0680ea225ce8b40a4c69fb9d2d099d9e770b1e3217b98ae00679741e7332129
drone_audio,yes_drone/mixed_membo_13-membo_000_.wav,mixed_membo_13-membo_000_.wav,.wav,1,directory:yes_drone,32846,0a08a7e3fde22fe16b10652ed37ddd0ecc9b0775b40c19385a70f356111bd630
drone_audio,yes_drone/mixed_membo_13-membo_001_.wav,mixed_membo_13-membo_001_.wav,.wav,1,directory:yes_drone,32846,a42f500d62c3fc3ff5bab443b334a9a2f581c12d8a74f28d962fc5dc8db7feaf
drone_audio,yes_drone/mixed_membo_13-membo_002_.wav,mixed_membo_13-membo_002_.wav,.wav,1,directory:yes_drone,32846,433910972b4359695de497a5bb2e77865feb3c2ae96034afc2a99c0f0aa032b6
drone_audio,yes_drone/mixed_membo_13-membo_003_.wav,mixed_membo_13-membo_003_.wav,.wav,1,directory:yes_drone,32846,378043f4a4dd5ffeab44170a9803c3eef7d8f63728b97ec365df062a5a148ecd
drone_audio,yes_drone/mixed_membo_13-membo_004_.wav,mixed_membo_13-membo_004_.wav,.wav,1,directory:yes_drone,29006,529429a36f9966f96bed4d3d9a7aad59d40db9cd92bcb3fa8c7ba6d8a452c9b4
drone_audio,yes_drone/mixed_membo_14-membo_000_.wav,mixed_membo_14-membo_000_.wav,.wav,1,directory:yes_drone,32846,74cd1e83774fac9d4daabee02ab26ae2b68594d6b55d8b5c7e115b38f73ebce7
drone_audio,yes_drone/mixed_membo_14-membo_001_.wav,mixed_membo_14-membo_001_.wav,.wav,1,directory:yes_drone,32846,e8d90b79cc09218205965e292ad6e0a9f098fbb002ca7a9f8a723df7ae794ce4
drone_audio,yes_drone/mixed_membo_14-membo_002_.wav,mixed_membo_14-membo_002_.wav,.wav,1,directory:yes_drone,32846,e4a875d755f12845c363673d5bdb3b107f5d1c71cf3f1c1398c46888b3fd2c7f
drone_audio,yes_drone/mixed_membo_14-membo_003_.wav,mixed_membo_14-membo_003_.wav,.wav,1,directory:yes_drone,32846,be2f733503e1b2e27d6c2c0c2ac2b919cefd2a6ac607af4d9b5bb2779829aa0e
drone_audio,yes_drone/mixed_membo_14-membo_004_.wav,mixed_membo_14-membo_004_.wav,.wav,1,directory:yes_drone,32846,cb83ee428fc51a1b32c948dbed2addbe0c9dc81d8d662c36b6dd677de4dbf301
drone_audio,yes_drone/mixed_membo_15-membo_000_.wav,mixed_membo_15-membo_000_.wav,.wav,1,directory:yes_drone,32846,cdd7d97e5c59df25665fba1708029780b3078f7acbfa039597da987aabbb6149
drone_audio,yes_drone/mixed_membo_15-membo_001_.wav,mixed_membo_15-membo_001_.wav,.wav,1,directory:yes_drone,32846,592f8c061879c8d12b2b8925caa4fd248a3ded420b62f3d237228bf4a0942b47
drone_audio,yes_drone/mixed_membo_15-membo_002_.wav,mixed_membo_15-membo_002_.wav,.wav,1,directory:yes_drone,32846,21b00f69480410b50926db7c3b60b54b93bcdb4dcd753bac457c590a0c766c9a
drone_audio,yes_drone/mixed_membo_15-membo_003_.wav,mixed_membo_15-membo_003_.wav,.wav,1,directory:yes_drone,32846,b35d188cfd413eed84634c3d5f356f708d481c177e43012652a44255055366f4
drone_audio,yes_drone/mixed_membo_15-membo_004_.wav,mixed_membo_15-membo_004_.wav,.wav,1,directory:yes_drone,29006,6a0af177701f37fb924947225c81e66ebb6809fb60bda839f6873d66d4605126
drone_audio,yes_drone/mixed_membo_16-membo_000_.wav,mixed_membo_16-membo_000_.wav,.wav,1,directory:yes_drone,32846,04e6fba81a39a5a45b239cd83dfe5fda522c95293e01530aa9a87dbabe410866
drone_audio,yes_drone/mixed_membo_16-membo_001_.wav,mixed_membo_16-membo_001_.wav,.wav,1,directory:yes_drone,32846,7d9428be25f935ec7a30351935477d0aa6183bcf1796e46c179a252afba1e131
drone_audio,yes_drone/mixed_membo_16-membo_002_.wav,mixed_membo_16-membo_002_.wav,.wav,1,directory:yes_drone,32846,e039cb3dd74b5dbac9c4469c0345d7ffc90b08f96c82c02a62a0b464c514cb4f
drone_audio,yes_drone/mixed_membo_16-membo_003_.wav,mixed_membo_16-membo_003_.wav,.wav,1,directory:yes_drone,32846,91e467ef88314a3e6eef2bde8e7ad9cfa67a056cd7ed16cfd78f0f768bf1b683
drone_audio,yes_drone/mixed_membo_16-membo_004_.wav,mixed_membo_16-membo_004_.wav,.wav,1,directory:yes_drone,29006,67055ded0023f836f2566ce480e80a4e241dc7562c8cfe08918dd505c8ba06cf
drone_audio,yes_drone/mixed_membo_17-membo_000_.wav,mixed_membo_17-membo_000_.wav,.wav,1,directory:yes_drone,32846,3132083d76c9538cd4080257584cb1a210198ac49163921688d0debc47d3b407
drone_audio,yes_drone/mixed_membo_17-membo_001_.wav,mixed_membo_17-membo_001_.wav,.wav,1,directory:yes_drone,32846,14c40f8a9014470263c3d46743d69e7025d059486bcb0f1b6192ea2b51d3e507
drone_audio,yes_drone/mixed_membo_17-membo_002_.wav,mixed_membo_17-membo_002_.wav,.wav,1,directory:yes_drone,32846,04c280738680bc2f2cfe95cc085908e93c25e8b6c78929b813ddfd2b7bb203f9
drone_audio,yes_drone/mixed_membo_17-membo_003_.wav,mixed_membo_17-membo_003_.wav,.wav,1,directory:yes_drone,32846,325ada6b04e06a9c491b7b2706259c6f6fdcf7f7fb82dea9f14f2f458c89b471
drone_audio,yes_drone/mixed_membo_17-membo_004_.wav,mixed_membo_17-membo_004_.wav,.wav,1,directory:yes_drone,29006,2f58b7d0c241c1bdf098d170e61abdb817e1a4ae018e5b88f626fb474ddcf29a
drone_audio,yes_drone/mixed_membo_18-membo_000_.wav,mixed_membo_18-membo_000_.wav,.wav,1,directory:yes_drone,32846,f73d2293190612b04185aef5e6fc4e35dbb91569e1a909e290d2012f1264a042
drone_audio,yes_drone/mixed_membo_18-membo_001_.wav,mixed_membo_18-membo_001_.wav,.wav,1,directory:yes_drone,32846,88e21cd5e2026eecacb1ebdc08892c0a03cf1c74e4287efe4e5de4be9fa22730
drone_audio,yes_drone/mixed_membo_18-membo_002_.wav,mixed_membo_18-membo_002_.wav,.wav,1,directory:yes_drone,32846,bdc1f6d532754dccc0b84a5800ad9e93f86ef864ba852d1f4bf2e421989bc828
drone_audio,yes_drone/mixed_membo_18-membo_003_.wav,mixed_membo_18-membo_003_.wav,.wav,1,directory:yes_drone,32846,1938e68974e222edbb87f36125fe1588f3f72d08c5a6ec8b2c492df3c62a7f09
drone_audio,yes_drone/mixed_membo_18-membo_004_.wav,mixed_membo_18-membo_004_.wav,.wav,1,directory:yes_drone,29006,1e81434bf2dc28d61cfdb6f7d7ae4dd0698126cfef0842e9c3c9a88ca535749b
drone_audio,yes_drone/mixed_membo_19-membo_000_.wav,mixed_membo_19-membo_000_.wav,.wav,1,directory:yes_drone,32846,290adfb60d83a6de83f2aaa2e99a25ed221a16564cf8618092ca202215a5322f
drone_audio,yes_drone/mixed_membo_19-membo_001_.wav,mixed_membo_19-membo_001_.wav,.wav,1,directory:yes_drone,32846,4aaaa97f18dd08e911ab6ea2ee9cb711da515ff2fa7c33b190c06708dbe01a4d
drone_audio,yes_drone/mixed_membo_19-membo_002_.wav,mixed_membo_19-membo_002_.wav,.wav,1,directory:yes_drone,32846,51b132e811702507be3e38047395d41671a433caf7709e6f8b1946fa870c5323
drone_audio,yes_drone/mixed_membo_19-membo_003_.wav,mixed_membo_19-membo_003_.wav,.wav,1,directory:yes_drone,32846,58ef877f2e5f83f8e6d64901ea40933ab1078ada2ceb625957b5fb893881c85a
drone_audio,yes_drone/mixed_membo_19-membo_004_.wav,mixed_membo_19-membo_004_.wav,.wav,1,directory:yes_drone,29006,e0da7a2ceaa9e716abeda845178e6160078e4e2e9e10c2ed79ac10e23769aceb
drone_audio,yes_drone/mixed_membo_2-membo_000_.wav,mixed_membo_2-membo_000_.wav,.wav,1,directory:yes_drone,32846,0f7d6c3aa0172414c66c371c713c95f814cc43032de0617e05232fa158cc5703
drone_audio,yes_drone/mixed_membo_2-membo_001_.wav,mixed_membo_2-membo_001_.wav,.wav,1,directory:yes_drone,32846,4541112c563a010ff9c47271daea8585f0b9a56ec46d15cf8e75a268c3ce8e44
drone_audio,yes_drone/mixed_membo_2-membo_002_.wav,mixed_membo_2-membo_002_.wav,.wav,1,directory:yes_drone,32846,8ac88c8a17211d5aa92cee41cddccf82915e131b976f1cf718946db8a9727889
drone_audio,yes_drone/mixed_membo_2-membo_003_.wav,mixed_membo_2-membo_003_.wav,.wav,1,directory:yes_drone,32846,42f0aea02fb0be0dec67f5541e84fcac8d8772ade24939b8b7417126f3d8482e
drone_audio,yes_drone/mixed_membo_2-membo_004_.wav,mixed_membo_2-membo_004_.wav,.wav,1,directory:yes_drone,29006,1b74b776796ee0c3e4e8dfa7cf8a0a39e51933249aaf642ba3839a27dce8462b
drone_audio,yes_drone/mixed_membo_20-membo_000_.wav,mixed_membo_20-membo_000_.wav,.wav,1,directory:yes_drone,32846,9ad2d4e5979d7bb26cc45b3267a723bb7ac8e5290b2752bd745888804f1d194b
drone_audio,yes_drone/mixed_membo_20-membo_001_.wav,mixed_membo_20-membo_001_.wav,.wav,1,directory:yes_drone,32846,2548dfd521dcc5ecdc9365fdbedc36babf2938bcb72e70f141950a04f7564a11
drone_audio,yes_drone/mixed_membo_20-membo_002_.wav,mixed_membo_20-membo_002_.wav,.wav,1,directory:yes_drone,32846,76d44d356ff79a1731b1217d31f6c6f21cb813fcf9b02d0d7f8d2f4f28ccfbe5
drone_audio,yes_drone/mixed_membo_20-membo_003_.wav,mixed_membo_20-membo_003_.wav,.wav,1,directory:yes_drone,32846,bd034419d47806e5e8575ec6e5dc32ae1b5be92ae44a925853e3d164827f3e9f
drone_audio,yes_drone/mixed_membo_20-membo_004_.wav,mixed_membo_20-membo_004_.wav,.wav,1,directory:yes_drone,29006,d49f5b2d3b18dcbce16f2b418fd695be8af9e0c2d750f7f5bdd9673846e89cff
drone_audio,yes_drone/mixed_membo_21-membo_000_.wav,mixed_membo_21-membo_000_.wav,.wav,1,directory:yes_drone,32846,1f0888494ee2e29ed6fef51aa1bf63d3d515f20db3a87193c743c0f0f23bf7e0
drone_audio,yes_drone/mixed_membo_21-membo_001_.wav,mixed_membo_21-membo_001_.wav,.wav,1,directory:yes_drone,32846,b34c7a1ae8983cf8be5cfa2bacc04186b2d7be2edaeb8538bef4000f3bbe4518
drone_audio,yes_drone/mixed_membo_21-membo_002_.wav,mixed_membo_21-membo_002_.wav,.wav,1,directory:yes_drone,32846,bf662ab1141e372e691243ce3d59f00fd9f4436ecc7a9b3549d5282807f7efd1
drone_audio,yes_drone/mixed_membo_21-membo_003_.wav,mixed_membo_21-membo_003_.wav,.wav,1,directory:yes_drone,32846,05c0ac75f041b6e00b55553666e7a4cc2ff8d777a18b711e42a9e0aa938f8e2c
drone_audio,yes_drone/mixed_membo_21-membo_004_.wav,mixed_membo_21-membo_004_.wav,.wav,1,directory:yes_drone,29006,f3a2e4b56ae9c83531b7c4eca3449a1457853d163d21dc2c5877fa86974c71fc
drone_audio,yes_drone/mixed_membo_22-membo_000_.wav,mixed_membo_22-membo_000_.wav,.wav,1,directory:yes_drone,32846,5e5a262f87b069f471085832b471ee489ccf33df851f8d5e2ac99a70fa59089e
drone_audio,yes_drone/mixed_membo_22-membo_001_.wav,mixed_membo_22-membo_001_.wav,.wav,1,directory:yes_drone,32846,3a8fab8201f3063107d68e8e3cbb239ec3146aea3923f55496df1b097986a723
drone_audio,yes_drone/mixed_membo_22-membo_002_.wav,mixed_membo_22-membo_002_.wav,.wav,1,directory:yes_drone,32846,cb11b65108f3399788008b1cb4baf970646012039c0fbea20b61ade81636d3ae
drone_audio,yes_drone/mixed_membo_22-membo_003_.wav,mixed_membo_22-membo_003_.wav,.wav,1,directory:yes_drone,32846,8b28849fbd1265101ae3954b9857c19fba3b3c2293f3dc4d68287088fa412458
drone_audio,yes_drone/mixed_membo_22-membo_004_.wav,mixed_membo_22-membo_004_.wav,.wav,1,directory:yes_drone,29006,8c1570d4d8f00eb112daa725d7fba952fd201827bfee56f341946784695e729d
drone_audio,yes_drone/mixed_membo_23-membo_000_.wav,mixed_membo_23-membo_000_.wav,.wav,1,directory:yes_drone,32846,fa10700b9d55946785b2e247af0d1487a1035df0681a27a2f274334e6bc0590d
drone_audio,yes_drone/mixed_membo_23-membo_001_.wav,mixed_membo_23-membo_001_.wav,.wav,1,directory:yes_drone,32846,8c9d15b01bd851e4c5ed009fd9253378e4dca202503e2e8dd1d6ae571717db85
drone_audio,yes_drone/mixed_membo_23-membo_002_.wav,mixed_membo_23-membo_002_.wav,.wav,1,directory:yes_drone,32846,1fec8fa1fdf8e5be219056894ebdccc772f998cac2b131073941ea54c68aa1ca
drone_audio,yes_drone/mixed_membo_23-membo_003_.wav,mixed_membo_23-membo_003_.wav,.wav,1,directory:yes_drone,32846,19b17e729d86ea2556dc749d87f1cb0e00fed158a8185545ed7b01d21731276a
drone_audio,yes_drone/mixed_membo_23-membo_004_.wav,mixed_membo_23-membo_004_.wav,.wav,1,directory:yes_drone,29006,76b0b08118ad07aee53c49a7152d878a5eac08123c9ec5b89ef8acba6f5a1126
drone_audio,yes_drone/mixed_membo_24-membo_000_.wav,mixed_membo_24-membo_000_.wav,.wav,1,directory:yes_drone,32846,b38f676f682bf1a3ab8d2299b2135d0b9b938d5b72d6622a066bb3b614d3fb14
drone_audio,yes_drone/mixed_membo_24-membo_001_.wav,mixed_membo_24-membo_001_.wav,.wav,1,directory:yes_drone,32846,eeee06b18bfa3bc383f2085d4a30052fa498cffc6dac2dd96a3ac1080260d826
drone_audio,yes_drone/mixed_membo_24-membo_002_.wav,mixed_membo_24-membo_002_.wav,.wav,1,directory:yes_drone,32846,ce4ebffaaaa87eeb715c2e46d4e3adc0566eaea248c49aa209594f8717790db0
drone_audio,yes_drone/mixed_membo_24-membo_003_.wav,mixed_membo_24-membo_003_.wav,.wav,1,directory:yes_drone,32846,3089eb2cfbd3d3ca230c5e83597e8becb64fb54d65cece9e2d8630ba4b2be162
drone_audio,yes_drone/mixed_membo_24-membo_004_.wav,mixed_membo_24-membo_004_.wav,.wav,1,directory:yes_drone,29006,090fc1397b1f69e2e6552dcd2eeef7ec2d3068984b194f3ff0ac1ddefacbd756
drone_audio,yes_drone/mixed_membo_25-membo_000_.wav,mixed_membo_25-membo_000_.wav,.wav,1,directory:yes_drone,32846,178cefa7e2f1696b2286b8a9efd4322a44036f05ec85d368ada1a22636048cea
drone_audio,yes_drone/mixed_membo_25-membo_001_.wav,mixed_membo_25-membo_001_.wav,.wav,1,directory:yes_drone,32846,ce978aa6797ea9679b478d51101cad52adae00be110280c42e29d73a557796b6
drone_audio,yes_drone/mixed_membo_25-membo_002_.wav,mixed_membo_25-membo_002_.wav,.wav,1,directory:yes_drone,32846,1f863ca947425e198d159ba777d34cb18c691967a27ce5e62b54372383b79255
drone_audio,yes_drone/mixed_membo_25-membo_003_.wav,mixed_membo_25-membo_003_.wav,.wav,1,directory:yes_drone,32846,3f1fc39ada332ca8cb7d837f0f7196ba18d6522e7976ef1fedd6d0f2c1cfdcba
drone_audio,yes_drone/mixed_membo_25-membo_004_.wav,mixed_membo_25-membo_004_.wav,.wav,1,directory:yes_drone,29006,1f04a806626e710ee9b5a0072ae13b1b93ccd42ce9fdc646e683806e7f7a528e
drone_audio,yes_drone/mixed_membo_26-membo_000_.wav,mixed_membo_26-membo_000_.wav,.wav,1,directory:yes_drone,32846,4d58ad7e6c5f50257bbdb3f3b5623519a9a2f33222ed5da7a4fc7468b636d148
drone_audio,yes_drone/mixed_membo_26-membo_001_.wav,mixed_membo_26-membo_001_.wav,.wav,1,directory:yes_drone,32846,5a5bc4e55bd337e96573cce4d8f1a46c2b72387fcdc3cc85c4434733f7a07db1
drone_audio,yes_drone/mixed_membo_26-membo_002_.wav,mixed_membo_26-membo_002_.wav,.wav,1,directory:yes_drone,32846,e3ec8b9b9334af93967be195140c6bb82a456d7eb6e5a41b8917a05f88bec15e
drone_audio,yes_drone/mixed_membo_26-membo_003_.wav,mixed_membo_26-membo_003_.wav,.wav,1,directory:yes_drone,32846,813fb575cac7d704eb0cf41ffbf57632c5c5479b5f0fe5ac2651f051e4c26e0c
drone_audio,yes_drone/mixed_membo_26-membo_004_.wav,mixed_membo_26-membo_004_.wav,.wav,1,directory:yes_drone,29006,7c4aceb5cf72cf9443ac3e551e011e0ac21d42bbbeca28b9eefb3091709509be
drone_audio,yes_drone/mixed_membo_27-membo_000_.wav,mixed_membo_27-membo_000_.wav,.wav,1,directory:yes_drone,32846,d09603a2365d34dadc249c41e436c06a1111208146e60d5d5d95ee8fdf4fa8e4
drone_audio,yes_drone/mixed_membo_27-membo_001_.wav,mixed_membo_27-membo_001_.wav,.wav,1,directory:yes_drone,32846,99c893c2327e73b5f2162d4a3dc41ab64505c22e7e14fbc11ebee1af6cd4eb53
drone_audio,yes_drone/mixed_membo_27-membo_002_.wav,mixed_membo_27-membo_002_.wav,.wav,1,directory:yes_drone,32846,dd708710e2ea55fb6deb7221e386204c297f3a6e42eb0810174baf0557df3637
drone_audio,yes_drone/mixed_membo_27-membo_003_.wav,mixed_membo_27-membo_003_.wav,.wav,1,directory:yes_drone,32846,45689b9eab58f15b0373507b97d02efa53e52a983df15e01d039e73bfb2cf5e4
drone_audio,yes_drone/mixed_membo_27-membo_004_.wav,mixed_membo_27-membo_004_.wav,.wav,1,directory:yes_drone,29006,f7b941ab3082b85e905e6ec9bc4970b6edc500f3c2b5c1aa7dab845fe7646a5d
drone_audio,yes_drone/mixed_membo_28-membo_000_.wav,mixed_membo_28-membo_000_.wav,.wav,1,directory:yes_drone,32846,cf2914e2ea3e8ab269f2643656b820fec94b68c1e271b42165b3e6be51a0199d
drone_audio,yes_drone/mixed_membo_28-membo_001_.wav,mixed_membo_28-membo_001_.wav,.wav,1,directory:yes_drone,32846,e615c2541730ef497b1f99c4495771958f6029423760bd25506bb51cde05e6e1
drone_audio,yes_drone/mixed_membo_28-membo_002_.wav,mixed_membo_28-membo_002_.wav,.wav,1,directory:yes_drone,32846,3a82b46c7c7f57afbc991bd3dc48f490cb9ca8486a96f3d10c3b0b74bc036c95
drone_audio,yes_drone/mixed_membo_28-membo_003_.wav,mixed_membo_28-membo_003_.wav,.wav,1,directory:yes_drone,32846,0f51d07b7a7afc35e1b4ea8b331eb141a9fc049a0dcfe2bb179b3117f24d413c
drone_audio,yes_drone/mixed_membo_28-membo_004_.wav,mixed_membo_28-membo_004_.wav,.wav,1,directory:yes_drone,29006,bce9fa627dfa095fd115c1ddafc762ed19be287ee956d6db2cc61f236d49c272
drone_audio,yes_drone/mixed_membo_29-membo_000_.wav,mixed_membo_29-membo_000_.wav,.wav,1,directory:yes_drone,32846,9dc1c6a54062aadccef51b4eb50ffadafc884e7b0f08062f5285d0d0de320798
drone_audio,yes_drone/mixed_membo_29-membo_001_.wav,mixed_membo_29-membo_001_.wav,.wav,1,directory:yes_drone,32846,d9f88c0eabaf076dee1861f8f8c10fd5414a33d22914f5e73ea07443ad981975
drone_audio,yes_drone/mixed_membo_29-membo_002_.wav,mixed_membo_29-membo_002_.wav,.wav,1,directory:yes_drone,32846,3d7ba3066f95c5eac9a395b6101ef07a7c40e0b54d1b4dac888ce0a546d34cd0
drone_audio,yes_drone/mixed_membo_29-membo_003_.wav,mixed_membo_29-membo_003_.wav,.wav,1,directory:yes_drone,32846,3b06e7ae40c2a3c7d2666b8fa9ae17f6a5494c6548e2ce69f1f69a3a674b5569
drone_audio,yes_drone/mixed_membo_29-membo_004_.wav,mixed_membo_29-membo_004_.wav,.wav,1,directory:yes_drone,29006,496bc9ebb744f222f6a0f6cd731cf36fc22e167503429966eff0e0ff54e0f9ed
drone_audio,yes_drone/mixed_membo_3-membo_000_.wav,mixed_membo_3-membo_000_.wav,.wav,1,directory:yes_drone,32846,a073b614c2daf82477023d6623df2a1c3d60ff8dff938f0331a2b4bfd8c80175
drone_audio,yes_drone/mixed_membo_3-membo_001_.wav,mixed_membo_3-membo_001_.wav,.wav,1,directory:yes_drone,32846,1ea5290c0035da83dc4b08aab7a740065d87fdeceac719a5031a94a50767958a
drone_audio,yes_drone/mixed_membo_3-membo_002_.wav,mixed_membo_3-membo_002_.wav,.wav,1,directory:yes_drone,32846,7e303446b86221f23cf6b1b4fb99fa6ac174023074fc564480fab793081cd362
drone_audio,yes_drone/mixed_membo_3-membo_003_.wav,mixed_membo_3-membo_003_.wav,.wav,1,directory:yes_drone,32846,e6c6617095691cc28dcc868e9092e42236381cb7e342957645b7e5a3c238483b
drone_audio,yes_drone/mixed_membo_3-membo_004_.wav,mixed_membo_3-membo_004_.wav,.wav,1,directory:yes_drone,29006,752967606410f7e4950085e6c5856e70f677eb10f650b03720819427b989da1b
drone_audio,yes_drone/mixed_membo_30-membo_000_.wav,mixed_membo_30-membo_000_.wav,.wav,1,directory:yes_drone,32846,82dc17ffdadd571314be2915ccab9c1d90cfac02f3ef1bf387ea90eed0165dbd
drone_audio,yes_drone/mixed_membo_30-membo_001_.wav,mixed_membo_30-membo_001_.wav,.wav,1,directory:yes_drone,32846,dad0af6499dd845c4855a5b994521dd22192623fe329945cac5335eeeba55b16
drone_audio,yes_drone/mixed_membo_30-membo_002_.wav,mixed_membo_30-membo_002_.wav,.wav,1,directory:yes_drone,32846,cba1353b78a0af5e22ac49107b0ee77eb801fc7b5b13d146d7ed291172442f14
drone_audio,yes_drone/mixed_membo_30-membo_003_.wav,mixed_membo_30-membo_003_.wav,.wav,1,directory:yes_drone,32846,274257b432780a0a7e6e997546e0a57b32e91f7603b491d36db293b7f875bf57
drone_audio,yes_drone/mixed_membo_30-membo_004_.wav,mixed_membo_30-membo_004_.wav,.wav,1,directory:yes_drone,32846,e52da86745dbf08373e1fa697fa0fc3605b63715fe3e6296e89f278a6926084b
drone_audio,yes_drone/mixed_membo_31-membo_000_.wav,mixed_membo_31-membo_000_.wav,.wav,1,directory:yes_drone,32846,72e48f3dbaee93657fb97861029f743fba74e44550a116b3d3cb32f3d11a45d4
drone_audio,yes_drone/mixed_membo_31-membo_001_.wav,mixed_membo_31-membo_001_.wav,.wav,1,directory:yes_drone,32846,16fb154c450ab64a899b882ed8e769179f04ff24ea7bd7958705ec8cd5bd9a25
drone_audio,yes_drone/mixed_membo_31-membo_002_.wav,mixed_membo_31-membo_002_.wav,.wav,1,directory:yes_drone,32846,88d6c974fbbd3f4b99daab6bb747edc22f6b67e3abfd4ccd2389bdd584383574
drone_audio,yes_drone/mixed_membo_31-membo_003_.wav,mixed_membo_31-membo_003_.wav,.wav,1,directory:yes_drone,32846,9e694d581fb46882a86915d4071ab6d468ab31f970891d10ccb42c779bc7ff8b
drone_audio,yes_drone/mixed_membo_31-membo_004_.wav,mixed_membo_31-membo_004_.wav,.wav,1,directory:yes_drone,29006,b4ff8e0ed9719c299a871bf05d79f2e11d85442afe8935cdab1d84a6b60b84cb
drone_audio,yes_drone/mixed_membo_32-membo_000_.wav,mixed_membo_32-membo_000_.wav,.wav,1,directory:yes_drone,32846,a37a3482c0256e114a3f7818d72240760d9990945fe8719508c68e2a61eb4abd
drone_audio,yes_drone/mixed_membo_32-membo_001_.wav,mixed_membo_32-membo_001_.wav,.wav,1,directory:yes_drone,32846,a30ecc2be0b487960c69aed6c34fbfb56161616996a24a1cbc5b2079e63d61be
drone_audio,yes_drone/mixed_membo_32-membo_002_.wav,mixed_membo_32-membo_002_.wav,.wav,1,directory:yes_drone,32846,ad65a33ff2ccc4b266ff5fea9f79acb608a0aab346569847263aba79a9ac88a9
drone_audio,yes_drone/mixed_membo_32-membo_003_.wav,mixed_membo_32-membo_003_.wav,.wav,1,directory:yes_drone,32846,426642226a671d041b4e418124a17652312148d517e8a7f7cabaf1b68da002b6
drone_audio,yes_drone/mixed_membo_32-membo_004_.wav,mixed_membo_32-membo_004_.wav,.wav,1,directory:yes_drone,29006,a3f90c1597d54e15f14268837fda021b21166e01689cd5f627ab8dab35b2546d
drone_audio,yes_drone/mixed_membo_33-membo_000_.wav,mixed_membo_33-membo_000_.wav,.wav,1,directory:yes_drone,32846,f85388358d1c65f45855fa34231b65304196bd3232bec0d3373baedd22520cb1
drone_audio,yes_drone/mixed_membo_33-membo_001_.wav,mixed_membo_33-membo_001_.wav,.wav,1,directory:yes_drone,32846,284fd86db75dbb1aa7820bf755d105252c07db2fa0d9096f2b8b66c98df11d2f
drone_audio,yes_drone/mixed_membo_33-membo_002_.wav,mixed_membo_33-membo_002_.wav,.wav,1,directory:yes_drone,32846,492acd8cd5f5d1abce5707602fa8b62d2eff6f77b6ec0255e101a2e07c6c93fb
drone_audio,yes_drone/mixed_membo_33-membo_003_.wav,mixed_membo_33-membo_003_.wav,.wav,1,directory:yes_drone,32846,ffe36f7bde3227ddd437a917a97f2f811f5ff9aa7d6dca4de54cb70a8c494c18
drone_audio,yes_drone/mixed_membo_33-membo_004_.wav,mixed_membo_33-membo_004_.wav,.wav,1,directory:yes_drone,29006,d94d5ea45e40379d098c61dc873026195830076553b4ca102a7ba092931bf1eb
drone_audio,yes_drone/mixed_membo_34-membo_000_.wav,mixed_membo_34-membo_000_.wav,.wav,1,directory:yes_drone,32846,9b3103ffccaba22bcb3a96081b4df028d9f40afea1b6ca493955a5c9e90ae4d0
drone_audio,yes_drone/mixed_membo_34-membo_001_.wav,mixed_membo_34-membo_001_.wav,.wav,1,directory:yes_drone,32846,6e202b49ba4482b90b323710d31c9f643c5152470c013b4e4b98a60accb116c8
drone_audio,yes_drone/mixed_membo_34-membo_002_.wav,mixed_membo_34-membo_002_.wav,.wav,1,directory:yes_drone,32846,436b1c17b88ed5bc4ba25f58168ebba49020bbb4334d52ba9541846769a1c5e3
drone_audio,yes_drone/mixed_membo_34-membo_003_.wav,mixed_membo_34-membo_003_.wav,.wav,1,directory:yes_drone,32846,9c2e55de456e70f2d2394706d00f09d120dc84a70026203db15e211fca5909bf
drone_audio,yes_drone/mixed_membo_34-membo_004_.wav,mixed_membo_34-membo_004_.wav,.wav,1,directory:yes_drone,29006,57c32b4a1a0fd05cce3ac9562bd19dc519b97de1d387873dc1c59df1bed6ca3f
drone_audio,yes_drone/mixed_membo_35-membo_000_.wav,mixed_membo_35-membo_000_.wav,.wav,1,directory:yes_drone,32846,59adb3ced95c039a932ecadb871f519c3f87e3691f1bd0781544bce9bee1f083
drone_audio,yes_drone/mixed_membo_35-membo_001_.wav,mixed_membo_35-membo_001_.wav,.wav,1,directory:yes_drone,32846,a161055e83d5300ea2badc83ae756051d8609bf6c50dc7efd169b2ee3a31013d
drone_audio,yes_drone/mixed_membo_35-membo_002_.wav,mixed_membo_35-membo_002_.wav,.wav,1,directory:yes_drone,32846,930fcb3b2e24e5bf487f370f30ce677c8d2367845da661130f33ba8b3a3c81b7
drone_audio,yes_drone/mixed_membo_35-membo_003_.wav,mixed_membo_35-membo_003_.wav,.wav,1,directory:yes_drone,32846,ce70b0d828bf252509a899ea4e70b229bf64c1eccce4b8ef7f318fd9fa0941d6
drone_audio,yes_drone/mixed_membo_35-membo_004_.wav,mixed_membo_35-membo_004_.wav,.wav,1,directory:yes_drone,29006,e62da78a23b70c5c57602b7f655de32adff8515139b3246fdcb16a62d31a4634
drone_audio,yes_drone/mixed_membo_36-membo_000_.wav,mixed_membo_36-membo_000_.wav,.wav,1,directory:yes_drone,32846,a042d4df1fb7365d0e83d3e96b7bb14fa458322c698e91969bb0345d37d29253
drone_audio,yes_drone/mixed_membo_36-membo_001_.wav,mixed_membo_36-membo_001_.wav,.wav,1,directory:yes_drone,32846,9e9bdde4e5fcdd28decfef8d112870b6e23f222ac8bdc3246b8bb4e23e6cb599
drone_audio,yes_drone/mixed_membo_36-membo_002_.wav,mixed_membo_36-membo_002_.wav,.wav,1,directory:yes_drone,32846,efc011e258f4a88cd2d9c75e3be58135321256d23f8e598daeb220dc7393f574
drone_audio,yes_drone/mixed_membo_36-membo_003_.wav,mixed_membo_36-membo_003_.wav,.wav,1,directory:yes_drone,32846,1493ed44f05a8108dd2f63c60ac4cf2caf89af0e0f5da03bc78cebfd236f94a5
drone_audio,yes_drone/mixed_membo_36-membo_004_.wav,mixed_membo_36-membo_004_.wav,.wav,1,directory:yes_drone,29006,b20849123de1c10c95069103ab905fcb754a3aa3f8c21ab8fd9a09c8f7734595
drone_audio,yes_drone/mixed_membo_37-membo_000_.wav,mixed_membo_37-membo_000_.wav,.wav,1,directory:yes_drone,32846,4711421f59e9097e52e42ef6e8026754c974166df70a4850b1d4898186ca1f49
drone_audio,yes_drone/mixed_membo_37-membo_001_.wav,mixed_membo_37-membo_001_.wav,.wav,1,directory:yes_drone,32846,42cd2a5974c553f2e700e0dbc8bef359452932dda64f4ae0180c2825b5c20ca5
drone_audio,yes_drone/mixed_membo_37-membo_002_.wav,mixed_membo_37-membo_002_.wav,.wav,1,directory:yes_drone,32846,cf18bd45108931786d85e53424fddc4d951a065ae748d5e055c05d6c46692193
drone_audio,yes_drone/mixed_membo_37-membo_003_.wav,mixed_membo_37-membo_003_.wav,.wav,1,directory:yes_drone,32846,d3f8d8d36f12b5e1d9d99103d11b9e3b79525d8cd6b21ae6bb42dd29e22ed1a5
drone_audio,yes_drone/mixed_membo_37-membo_004_.wav,mixed_membo_37-membo_004_.wav,.wav,1,directory:yes_drone,29006,5f8a6a580d15ea3de48c2e7c4fb3a0ab3334108afbcaf92ec7d6c2398db0633c
drone_audio,yes_drone/mixed_membo_38-membo_000_.wav,mixed_membo_38-membo_000_.wav,.wav,1,directory:yes_drone,32846,9003c64da367c990c8125473f6ff8eb850bcac9daa97fecda1dfbd1ddbce6954
drone_audio,yes_drone/mixed_membo_38-membo_001_.wav,mixed_membo_38-membo_001_.wav,.wav,1,directory:yes_drone,32846,6d4ab8cddbf0acdcef090fc89f6f90ed3220156976caf650eb333263302fb1ec
drone_audio,yes_drone/mixed_membo_38-membo_002_.wav,mixed_membo_38-membo_002_.wav,.wav,1,directory:yes_drone,32846,8b4d4560b2c382a68afe909843c7c6d1881c6aaa3e00e2636ef0c69a6f2f9b8f
drone_audio,yes_drone/mixed_membo_38-membo_003_.wav,mixed_membo_38-membo_003_.wav,.wav,1,directory:yes_drone,32846,e34dccb0e3d84088dd4672aaa0f9a7bbb245962b10275dcf96874f015ef58bd1
drone_audio,yes_drone/mixed_membo_38-membo_004_.wav,mixed_membo_38-membo_004_.wav,.wav,1,directory:yes_drone,29006,d3e219718bd5edc6f771562f54ef2a2b399dcbd71fb75a7789a5aa7bd668a507
drone_audio,yes_drone/mixed_membo_39-membo_000_.wav,mixed_membo_39-membo_000_.wav,.wav,1,directory:yes_drone,32846,e7b71e49754014f781ca85d3e9e40cdd0974e9a99ecc9e2e8509b007c996ebaf
drone_audio,yes_drone/mixed_membo_39-membo_001_.wav,mixed_membo_39-membo_001_.wav,.wav,1,directory:yes_drone,32846,d8867d12f279f64f165c760aa375b38f7bd5978a2323f7c592f9e7a5c11efcd6
drone_audio,yes_drone/mixed_membo_39-membo_002_.wav,mixed_membo_39-membo_002_.wav,.wav,1,directory:yes_drone,32846,e80e20c39b525fa6af262211d503b0c377a24d670039c9ef3fa55651df1fe712
drone_audio,yes_drone/mixed_membo_39-membo_003_.wav,mixed_membo_39-membo_003_.wav,.wav,1,directory:yes_drone,32846,b4703b2db8b03cd95f127c7a9a9ea97bdedcc0efe302363b1552f1b8acdebb09
drone_audio,yes_drone/mixed_membo_39-membo_004_.wav,mixed_membo_39-membo_004_.wav,.wav,1,directory:yes_drone,29006,10e1c53f15e76321e9f2b7306994d0efa1bd3d7272dbbd69995b22636d0b230d
drone_audio,yes_drone/mixed_membo_4-membo_000_.wav,mixed_membo_4-membo_000_.wav,.wav,1,directory:yes_drone,32846,1335cc7158db16681045ecb62733ff47986e9f64b747b7a584941389bab88cb1
drone_audio,yes_drone/mixed_membo_4-membo_001_.wav,mixed_membo_4-membo_001_.wav,.wav,1,directory:yes_drone,32846,f7f167785fa909cc2117101059aff0ab4a43061c8647ac112b339a8de63f6ece
drone_audio,yes_drone/mixed_membo_4-membo_002_.wav,mixed_membo_4-membo_002_.wav,.wav,1,directory:yes_drone,32846,5ac5f3ae77d94ebfdaf4b56005d06c1e6361f64ae0a1360d82f4d2b9d74cbffb
drone_audio,yes_drone/mixed_membo_4-membo_003_.wav,mixed_membo_4-membo_003_.wav,.wav,1,directory:yes_drone,32846,f944130398306a40bb680a90d98b87f4d5554298bbc76a594f9087396d3dd569
drone_audio,yes_drone/mixed_membo_4-membo_004_.wav,mixed_membo_4-membo_004_.wav,.wav,1,directory:yes_drone,29006,dbdf00ea4569234ca8f6e445285f4f20f521440dbf7f0f2bf8917a4a947ca222
drone_audio,yes_drone/mixed_membo_40-membo_000_.wav,mixed_membo_40-membo_000_.wav,.wav,1,directory:yes_drone,32846,b729088dab70bfb8806b333a673c18abbb0af3cd6dd55cf1db8b5182713cbe22
drone_audio,yes_drone/mixed_membo_40-membo_001_.wav,mixed_membo_40-membo_001_.wav,.wav,1,directory:yes_drone,32846,12f50ef72afd171293f422ae54fb76bc43aa4b7398b0df0a7bb864507b28a5a0
drone_audio,yes_drone/mixed_membo_40-membo_002_.wav,mixed_membo_40-membo_002_.wav,.wav,1,directory:yes_drone,32846,5afc82415842b114edde5639d74533935131db2803bc976cf033f5f890b3d66e
drone_audio,yes_drone/mixed_membo_40-membo_003_.wav,mixed_membo_40-membo_003_.wav,.wav,1,directory:yes_drone,32846,b8e323d8ea7a400fa8337ad075ba80e99fc413f3c268d0f3b25518d4a8814594
drone_audio,yes_drone/mixed_membo_40-membo_004_.wav,mixed_membo_40-membo_004_.wav,.wav,1,directory:yes_drone,29006,2cb8f65f9ee292c7f5ddd691822fa77093a88521beefa60c31c481f4012e9423
drone_audio,yes_drone/mixed_membo_41-membo_000_.wav,mixed_membo_41-membo_000_.wav,.wav,1,directory:yes_drone,32846,a630255b38c66fa55ceb9f0d1d23613573995c1d691d73ffa2251f9a84d5ff96
drone_audio,yes_drone/mixed_membo_41-membo_001_.wav,mixed_membo_41-membo_001_.wav,.wav,1,directory:yes_drone,32846,72a4265bc6b9685808f1adb27beb0878f1da16b55987c3babd5af12933e69f33
drone_audio,yes_drone/mixed_membo_41-membo_002_.wav,mixed_membo_41-membo_002_.wav,.wav,1,directory:yes_drone,32846,fe711e125becd9f3ad94ea5aa68e2c1b0a46973a9cd3a46c69439ad63f4d738a
drone_audio,yes_drone/mixed_membo_41-membo_003_.wav,mixed_membo_41-membo_003_.wav,.wav,1,directory:yes_drone,32846,2eaf1a1215206819afa844cd1b76d74fd78364c0c44019fef4673805e9450cf1
drone_audio,yes_drone/mixed_membo_41-membo_004_.wav,mixed_membo_41-membo_004_.wav,.wav,1,directory:yes_drone,29006,0613fafde524cfe60c5f0f1977613f51183bb880283a800520a0bd62d92fe32a
drone_audio,yes_drone/mixed_membo_42-membo_000_.wav,mixed_membo_42-membo_000_.wav,.wav,1,directory:yes_drone,32846,fab62e440a5955262f8ee9622fddb051125453f3bff78002f4e659a86c66ddb5
drone_audio,yes_drone/mixed_membo_42-membo_001_.wav,mixed_membo_42-membo_001_.wav,.wav,1,directory:yes_drone,32846,ff5099914fc963e1a4d0915df72ad9e3a3710107f181980a3c05717729029de3
drone_audio,yes_drone/mixed_membo_42-membo_002_.wav,mixed_membo_42-membo_002_.wav,.wav,1,directory:yes_drone,32846,c29fd466e3f73be428df8fa2df2bb7c06a31dc2e980617a3c7a460707bc1905a
drone_audio,yes_drone/mixed_membo_42-membo_003_.wav,mixed_membo_42-membo_003_.wav,.wav,1,directory:yes_drone,32846,0331d7c5dea2a09a23385cd9b624aad1816c962f930999dde928ce51f06eaba4
drone_audio,yes_drone/mixed_membo_42-membo_004_.wav,mixed_membo_42-membo_004_.wav,.wav,1,directory:yes_drone,29006,aacfc851643666013a0d71d0fdd769e26449cb9e006cc4586406a023cf918a78
drone_audio,yes_drone/mixed_membo_43-membo_000_.wav,mixed_membo_43-membo_000_.wav,.wav,1,directory:yes_drone,32846,36aec70753d06ab1c63db2294f2b1e465aad6254e089986763facc0ca9e5fd88
drone_audio,yes_drone/mixed_membo_43-membo_001_.wav,mixed_membo_43-membo_001_.wav,.wav,1,directory:yes_drone,32846,b9a53b848bf6f48f5da1d4e8e91b8b576e9e79f1d1c9e3a39b35816da61b2035
drone_audio,yes_drone/mixed_membo_43-membo_002_.wav,mixed_membo_43-membo_002_.wav,.wav,1,directory:yes_drone,32846,47c12dfac2a82edbd3ee5e459d844cd1de74bbe9d427f00042741561c984f03e
drone_audio,yes_drone/mixed_membo_43-membo_003_.wav,mixed_membo_43-membo_003_.wav,.wav,1,directory:yes_drone,32846,d3af62fbe7284cd445d65ecd53db04a20f4275b6aef6416e5bd88742f1cf1225
drone_audio,yes_drone/mixed_membo_43-membo_004_.wav,mixed_membo_43-membo_004_.wav,.wav,1,directory:yes_drone,29006,8d6cf4d80a337e0dc711b481875626047e1bae65a5a2301de95e89cec9cf6efa
drone_audio,yes_drone/mixed_membo_44-membo_000_.wav,mixed_membo_44-membo_000_.wav,.wav,1,directory:yes_drone,32846,0c44916a05bf43b0e6a6633f560b36c72dbf6866bf96acfad76244bbf9903b72
drone_audio,yes_drone/mixed_membo_44-membo_001_.wav,mixed_membo_44-membo_001_.wav,.wav,1,directory:yes_drone,32846,28939cefe01d42780e2800ec043dea53b3a6d916a432701191915e38695cd611
drone_audio,yes_drone/mixed_membo_44-membo_002_.wav,mixed_membo_44-membo_002_.wav,.wav,1,directory:yes_drone,32846,7f6f826daf69d0fcf0a26039cc222c9f3160d1ae4ef03c84a11efec88d175b91
drone_audio,yes_drone/mixed_membo_44-membo_003_.wav,mixed_membo_44-membo_003_.wav,.wav,1,directory:yes_drone,32846,665f2b92145efb4c3483950e817f0e7b447db9bfad45aee835b1badf5cbcce46
drone_audio,yes_drone/mixed_membo_44-membo_004_.wav,mixed_membo_44-membo_004_.wav,.wav,1,directory:yes_drone,29006,0398d3c232eae44e36b53ed3dbd818b70645864500817c89af9fa2b97e961794
drone_audio,yes_drone/mixed_membo_45-membo_000_.wav,mixed_membo_45-membo_000_.wav,.wav,1,directory:yes_drone,32846,cb825dbeec5fd2f8f5bba7dd028e9926bf49076edfa2fe4552896f30cd1b8074
drone_audio,yes_drone/mixed_membo_45-membo_001_.wav,mixed_membo_45-membo_001_.wav,.wav,1,directory:yes_drone,32846,bc9d96a36c258675244a3d030e1ec1b946a44eaba87ca1676cda6339e6cca8b1
drone_audio,yes_drone/mixed_membo_45-membo_002_.wav,mixed_membo_45-membo_002_.wav,.wav,1,directory:yes_drone,32846,003fc0f2c849b781bd822a71b95109c3ee2f7282df31c3bd65e2fb3ab3ce894e
drone_audio,yes_drone/mixed_membo_45-membo_003_.wav,mixed_membo_45-membo_003_.wav,.wav,1,directory:yes_drone,32846,9e46316aa4b7dbf340ae916d898a88d168bb1d586116f63cce88bc18d699d6e9
drone_audio,yes_drone/mixed_membo_45-membo_004_.wav,mixed_membo_45-membo_004_.wav,.wav,1,directory:yes_drone,29006,3af00768fe9006164a2e60848966beac1b43b1cfef394e28ea0aa5e8902736cd
drone_audio,yes_drone/mixed_membo_46-membo_000_.wav,mixed_membo_46-membo_000_.wav,.wav,1,directory:yes_drone,32846,385d858d461d4ab29d75deedea0e0d7897bc1e38d9bee3374264e143e8a38962
drone_audio,yes_drone/mixed_membo_46-membo_001_.wav,mixed_membo_46-membo_001_.wav,.wav,1,directory:yes_drone,32846,4880d4087c8311983527fdb0d3e0a29fa2b4b4687db221c73958408a39675927
drone_audio,yes_drone/mixed_membo_46-membo_002_.wav,mixed_membo_46-membo_002_.wav,.wav,1,directory:yes_drone,32846,cefeb9a2e1dd11066f7d8b47edad0b84853abad230bc3981feb875d7b0d85548
drone_audio,yes_drone/mixed_membo_46-membo_003_.wav,mixed_membo_46-membo_003_.wav,.wav,1,directory:yes_drone,32846,5cdf80544e70817a33ecbe96e8722b4fd2f8ea48c9061faa3a51b7ab047be3ae
drone_audio,yes_drone/mixed_membo_46-membo_004_.wav,mixed_membo_46-membo_004_.wav,.wav,1,directory:yes_drone,29006,36a8cf49cdf2423928b73203734c22e0b8fab7022c873b79c49c3fdd3d200500
drone_audio,yes_drone/mixed_membo_47-membo_000_.wav,mixed_membo_47-membo_000_.wav,.wav,1,directory:yes_drone,32846,ee99b0d6861f427e3c4ae275fd9715be01b8d769a3782f298b7fd37c798b4e37
drone_audio,yes_drone/mixed_membo_47-membo_001_.wav,mixed_membo_47-membo_001_.wav,.wav,1,directory:yes_drone,32846,62bfa96474bf083d1ba555d900783f8df1d99180263b4489c6aca5ab8ae7a455
drone_audio,yes_drone/mixed_membo_47-membo_002_.wav,mixed_membo_47-membo_002_.wav,.wav,1,directory:yes_drone,32846,8676e3f1026e55d6b93ae596e531320b77517207c1174a745f2606808af5c47e
drone_audio,yes_drone/mixed_membo_47-membo_003_.wav,mixed_membo_47-membo_003_.wav,.wav,1,directory:yes_drone,32846,eca0eaa5a1401711f39d4fabb4ea0dd59c529f3902ca60aa6aa254b84ec28ad6
drone_audio,yes_drone/mixed_membo_47-membo_004_.wav,mixed_membo_47-membo_004_.wav,.wav,1,directory:yes_drone,29006,c0ef0e551719451100213aa11fecf9e87b202154046ffcec0dd7de5411865a63
drone_audio,yes_drone/mixed_membo_48-membo_000_.wav,mixed_membo_48-membo_000_.wav,.wav,1,directory:yes_drone,32846,a5e80977c1839d7f2c250cfd094ab424957ac437fed77776ce6c3cc475fde065
drone_audio,yes_drone/mixed_membo_48-membo_001_.wav,mixed_membo_48-membo_001_.wav,.wav,1,directory:yes_drone,32846,7d8dae32330a65add536c6c1fac030973451e70acda99c4879b71c991aecece9
drone_audio,yes_drone/mixed_membo_48-membo_002_.wav,mixed_membo_48-membo_002_.wav,.wav,1,directory:yes_drone,32846,922934c81a818049ed25e1c50e05036ba1692ba19d18b1687946eb324f3d562d
drone_audio,yes_drone/mixed_membo_48-membo_003_.wav,mixed_membo_48-membo_003_.wav,.wav,1,directory:yes_drone,32846,e0b2de1472312153f521ed3aad787cb832f96a59ad47686c9b1a40b9dbe3ea76
drone_audio,yes_drone/mixed_membo_48-membo_004_.wav,mixed_membo_48-membo_004_.wav,.wav,1,directory:yes_drone,29006,2dd7a1ee98fb626caee9245b5a0626c0e20ea3841b23d517b63b6fb781892785
drone_audio,yes_drone/mixed_membo_49-membo_000_.wav,mixed_membo_49-membo_000_.wav,.wav,1,directory:yes_drone,32846,903a250177ab3f9303ff68095ba2db6dd080df3c887df8d8f548ab611ad0f399
drone_audio,yes_drone/mixed_membo_49-membo_001_.wav,mixed_membo_49-membo_001_.wav,.wav,1,directory:yes_drone,32846,0a4edb1e412caf96a7cdeab134102c5f350a4937a6f5c323155bb01a82a0c981
drone_audio,yes_drone/mixed_membo_49-membo_002_.wav,mixed_membo_49-membo_002_.wav,.wav,1,directory:yes_drone,32846,fc398625990b9ed98eaabfb464ab10b92bc8d7466e4605a392e579f94342ea71
drone_audio,yes_drone/mixed_membo_49-membo_003_.wav,mixed_membo_49-membo_003_.wav,.wav,1,directory:yes_drone,32846,be9f25a4ed4870756c0493b4a8647bef9fca68dfb48887ffb666fff8a55f3bef
drone_audio,yes_drone/mixed_membo_49-membo_004_.wav,mixed_membo_49-membo_004_.wav,.wav,1,directory:yes_drone,29006,e97017a3530f3b57b9eba59fa146e597d9e56593fa479209161079516c012f1f
drone_audio,yes_drone/mixed_membo_5-membo_000_.wav,mixed_membo_5-membo_000_.wav,.wav,1,directory:yes_drone,32846,ecfb0f9e45aed5bcacd8dc0ed90f572219525521352ff52dbc56e9852aafdea8
drone_audio,yes_drone/mixed_membo_5-membo_001_.wav,mixed_membo_5-membo_001_.wav,.wav,1,directory:yes_drone,32846,8cacd5a621f0f8f52ef1e560ad4c34078e0585b587d4afc2e68034b80025282e
drone_audio,yes_drone/mixed_membo_5-membo_002_.wav,mixed_membo_5-membo_002_.wav,.wav,1,directory:yes_drone,32846,256a92e0ce31af7199b0365a276a23d81269186df5481d3ac355dd24a33ac257
drone_audio,yes_drone/mixed_membo_5-membo_003_.wav,mixed_membo_5-membo_003_.wav,.wav,1,directory:yes_drone,32846,53bf485ee2ecca9487ec454f7492d4a39e67e2a79b4fbefb23abfd7b5e080309
drone_audio,yes_drone/mixed_membo_5-membo_004_.wav,mixed_membo_5-membo_004_.wav,.wav,1,directory:yes_drone,29006,79b1b80e6ea9cfc9eb6e8472e6216f8aa361c3cfd92a34e46a3b75d0e629d897
drone_audio,yes_drone/mixed_membo_50-membo_000_.wav,mixed_membo_50-membo_000_.wav,.wav,1,directory:yes_drone,32846,01ba178b39d99f044589bbd3cf9b6de4a8b95f6e08ef1c094ade3576be15c5c2
drone_audio,yes_drone/mixed_membo_50-membo_001_.wav,mixed_membo_50-membo_001_.wav,.wav,1,directory:yes_drone,32846,be6166528a152e20369cecb8198ea1a870e6671cf124325d0014c3ee1938c46f
drone_audio,yes_drone/mixed_membo_50-membo_002_.wav,mixed_membo_50-membo_002_.wav,.wav,1,directory:yes_drone,32846,924355a699214c2d2c5b031d1906c9fc2d31f71be7800622f4dea60137426881
drone_audio,yes_drone/mixed_membo_50-membo_003_.wav,mixed_membo_50-membo_003_.wav,.wav,1,directory:yes_drone,32846,153d8ba77bd30bffd56cfd021b91414b5de6dd8da9382e504013276cf00639fd
drone_audio,yes_drone/mixed_membo_50-membo_004_.wav,mixed_membo_50-membo_004_.wav,.wav,1,directory:yes_drone,32846,5740489c14811a79cf2df2a7038ba0222d9c690e84e3edde706714d5dc16f49d
drone_audio,yes_drone/mixed_membo_51-membo_000_.wav,mixed_membo_51-membo_000_.wav,.wav,1,directory:yes_drone,32846,bc911d134696448f8ea430b3c850efc635937d63c9114bc814f9312564f7dc76
drone_audio,yes_drone/mixed_membo_51-membo_001_.wav,mixed_membo_51-membo_001_.wav,.wav,1,directory:yes_drone,32846,3dfaa0a99f1f99453c6d92f28119672a2a79d82c84b1af4f9cf8bc95bf967c1e
drone_audio,yes_drone/mixed_membo_51-membo_002_.wav,mixed_membo_51-membo_002_.wav,.wav,1,directory:yes_drone,32846,3c5560a32741f1350c3f81b8288b52f818ede0691e814d8beaf02c85bb63ec6c
drone_audio,yes_drone/mixed_membo_51-membo_003_.wav,mixed_membo_51-membo_003_.wav,.wav,1,directory:yes_drone,32846,66b4a67296fb0ce636bb612201b00e3a16de002169209c8b76e2e1824c8e1e77
drone_audio,yes_drone/mixed_membo_51-membo_004_.wav,mixed_membo_51-membo_004_.wav,.wav,1,directory:yes_drone,29006,8156e152fa05ef772e5d587d48620183b7886935552e4e1f9cc7e42c3538de8f
drone_audio,yes_drone/mixed_membo_52-membo_000_.wav,mixed_membo_52-membo_000_.wav,.wav,1,directory:yes_drone,32846,e286926c91f87a7e6f7bd7cd628637b39f3f437440b0966a086bb9e1935e3cd4
drone_audio,yes_drone/mixed_membo_52-membo_001_.wav,mixed_membo_52-membo_001_.wav,.wav,1,directory:yes_drone,32846,50e052d9c091890d9673ddbedafafa084c1b9796db37fb3f2021fc845a7e3458
drone_audio,yes_drone/mixed_membo_52-membo_002_.wav,mixed_membo_52-membo_002_.wav,.wav,1,directory:yes_drone,32846,cf6781e2fccdd147c1181a90e434294cb34d700bbd1bc4c38e68de6721879aae
drone_audio,yes_drone/mixed_membo_52-membo_003_.wav,mixed_membo_52-membo_003_.wav,.wav,1,directory:yes_drone,32846,aff50a2f90e6c6a8349a27be7aa49711c71418d461b7511a530fbf62e09b6238
drone_audio,yes_drone/mixed_membo_52-membo_004_.wav,mixed_membo_52-membo_004_.wav,.wav,1,directory:yes_drone,29006,bff23be9526d3a5fcb828dea34d11b8cdc481a277d0eb00283ced9056a6c4965
drone_audio,yes_drone/mixed_membo_53-membo_000_.wav,mixed_membo_53-membo_000_.wav,.wav,1,directory:yes_drone,32846,196f00b4a5950e59d669c8082e92c1f9f5aa5a64bf48a0e93a80616f21d6e337
drone_audio,yes_drone/mixed_membo_53-membo_001_.wav,mixed_membo_53-membo_001_.wav,.wav,1,directory:yes_drone,32846,2916fbc40b694f40b70fdf4a47ce5ff199f9d14af38837d294cda43b1c87bd41
drone_audio,yes_drone/mixed_membo_53-membo_002_.wav,mixed_membo_53-membo_002_.wav,.wav,1,directory:yes_drone,32846,41493de327c09990421a2bc7ce3b9e04b35c8f52c8e0cc19c85733d1f9ef5605
drone_audio,yes_drone/mixed_membo_53-membo_003_.wav,mixed_membo_53-membo_003_.wav,.wav,1,directory:yes_drone,32846,bb8bf6b279ddfb620c0960f65487f515d1f44a91b03addec519c91ed1ef8e489
drone_audio,yes_drone/mixed_membo_53-membo_004_.wav,mixed_membo_53-membo_004_.wav,.wav,1,directory:yes_drone,29006,381dc28a9b76fc22460f665fc68ff021d4249afea1594f02e4bbde5b6e6bfcf4
drone_audio,yes_drone/mixed_membo_54-membo_000_.wav,mixed_membo_54-membo_000_.wav,.wav,1,directory:yes_drone,32846,297735fed55c13cf57e688a9022e6c10e64328652df22d2e24d2a4ae7ab1088c
drone_audio,yes_drone/mixed_membo_54-membo_001_.wav,mixed_membo_54-membo_001_.wav,.wav,1,directory:yes_drone,32846,068f7ce3cc1ca0a7a5009aafadf59ebdbdca07fe3949963e9523971a0bf05109
drone_audio,yes_drone/mixed_membo_54-membo_002_.wav,mixed_membo_54-membo_002_.wav,.wav,1,directory:yes_drone,32846,a434d30455759c0a19e69c6598752e6e0ed4178783da7c900f9abc7e9ce853cf
drone_audio,yes_drone/mixed_membo_54-membo_003_.wav,mixed_membo_54-membo_003_.wav,.wav,1,directory:yes_drone,32846,664a3defd657ae781aa21c778c27fba4e581b4ef80080f710d62342caa251604
drone_audio,yes_drone/mixed_membo_54-membo_004_.wav,mixed_membo_54-membo_004_.wav,.wav,1,directory:yes_drone,29006,55428df62afc5d61ecb0635b18754df1db2da5acc327c03963555def5dfe12f4
drone_audio,yes_drone/mixed_membo_55-membo_000_.wav,mixed_membo_55-membo_000_.wav,.wav,1,directory:yes_drone,32846,3695fa74edd4d7a73c4676759bb91762fedd6cf5c00302cad57a9f20ba472449
drone_audio,yes_drone/mixed_membo_55-membo_001_.wav,mixed_membo_55-membo_001_.wav,.wav,1,directory:yes_drone,32846,6a91c4fa6a008faf886d7e7bbb8c92cce3e6a7b866ece78796a9aaa95acbcea6
drone_audio,yes_drone/mixed_membo_55-membo_002_.wav,mixed_membo_55-membo_002_.wav,.wav,1,directory:yes_drone,32846,30431206bfef6637ede13d5c39bb842cc235989f659e95f2079806d6b21a6f96
drone_audio,yes_drone/mixed_membo_55-membo_003_.wav,mixed_membo_55-membo_003_.wav,.wav,1,directory:yes_drone,32846,56a0e646ba6e34179cfe39c061114515277062d15e7f538a6d3d10ff2575db3f
drone_audio,yes_drone/mixed_membo_55-membo_004_.wav,mixed_membo_55-membo_004_.wav,.wav,1,directory:yes_drone,29006,51fae26ba4c3f7c0d2c1add1feb4b719af3a6a429b00b714d4a35bb502c45e9d
drone_audio,yes_drone/mixed_membo_56-membo_000_.wav,mixed_membo_56-membo_000_.wav,.wav,1,directory:yes_drone,32846,3f83c9ec68da126e31e9a0e85aa6672f3f955749931494a6a7d962c73d2eafb8
drone_audio,yes_drone/mixed_membo_56-membo_001_.wav,mixed_membo_56-membo_001_.wav,.wav,1,directory:yes_drone,32846,62248463f6d4ca25696c29e987fbf068d852a1e4f41096cd42401f8f0be12372
drone_audio,yes_drone/mixed_membo_56-membo_002_.wav,mixed_membo_56-membo_002_.wav,.wav,1,directory:yes_drone,32846,3b1404bbb634f39e1194bedaa59acb8851534b1f93033337b2909785661d159f
drone_audio,yes_drone/mixed_membo_56-membo_003_.wav,mixed_membo_56-membo_003_.wav,.wav,1,directory:yes_drone,32846,fdd4235395b98d11e472b3ff9cbea2f52aad7dcd4a9ca0c2ccaeb85b015ba15a
drone_audio,yes_drone/mixed_membo_56-membo_004_.wav,mixed_membo_56-membo_004_.wav,.wav,1,directory:yes_drone,29006,3d3194252c732d79ddee78579afdf2d4e41ed4a0f60330efec8f6b6e51be7379
drone_audio,yes_drone/mixed_membo_57-membo_000_.wav,mixed_membo_57-membo_000_.wav,.wav,1,directory:yes_drone,32846,9a3b32e56858594d106c21e1c83b577f4a7ff0b8c0148e2a7d26eacb6ff3e3e9
drone_audio,yes_drone/mixed_membo_57-membo_001_.wav,mixed_membo_57-membo_001_.wav,.wav,1,directory:yes_drone,32846,f445debbef4e96009fa59730702a675e9ea9bb4614c5a5cd05a20a3cccd37a0d
drone_audio,yes_drone/mixed_membo_57-membo_002_.wav,mixed_membo_57-membo_002_.wav,.wav,1,directory:yes_drone,32846,7e918566fd66084b95c9c26fc684385f50d6c4e5aadea07a0e5d9dd0a6cffcc8
drone_audio,yes_drone/mixed_membo_57-membo_003_.wav,mixed_membo_57-membo_003_.wav,.wav,1,directory:yes_drone,32846,49ea246152319aa5e3f1d1a24bc03f23676fc97baa6f8e56c88b127f438f088a
drone_audio,yes_drone/mixed_membo_57-membo_004_.wav,mixed_membo_57-membo_004_.wav,.wav,1,directory:yes_drone,29006,90560b184f0aeca0dcd188089126bc2c29db988a53b47394e2a59d03c3da3c6d
drone_audio,yes_drone/mixed_membo_58-membo_000_.wav,mixed_membo_58-membo_000_.wav,.wav,1,directory:yes_drone,32846,b7149905eeddab0d3e90fbb98dd02e108dcfadcf1d2b55ad22416b0d73be64fe
drone_audio,yes_drone/mixed_membo_58-membo_001_.wav,mixed_membo_58-membo_001_.wav,.wav,1,directory:yes_drone,32846,026cf9afb27cc9c7fe4177a8301c6a559ddad7bd0ba72798c93919bc68aa350d
drone_audio,yes_drone/mixed_membo_58-membo_002_.wav,mixed_membo_58-membo_002_.wav,.wav,1,directory:yes_drone,32846,8b8c81e6cedabd7c69ac56ce11e4d3eadfc509c7fcfa9481c492bc24b266168a
drone_audio,yes_drone/mixed_membo_58-membo_003_.wav,mixed_membo_58-membo_003_.wav,.wav,1,directory:yes_drone,32846,aa546934ebaefad1e5e07bb621f7fa0cbf7f08b8c50811ab0972fcb98b361cb8
drone_audio,yes_drone/mixed_membo_58-membo_004_.wav,mixed_membo_58-membo_004_.wav,.wav,1,directory:yes_drone,29006,cec615edd3b47fa62e48f4c34764c7094c72307a99fc73ee5cec6c62586b6f9d
drone_audio,yes_drone/mixed_membo_59-membo_000_.wav,mixed_membo_59-membo_000_.wav,.wav,1,directory:yes_drone,32846,51f431459d2a9edc8348357bd79267ecb700cc57ace8a263323010f2e34c4aef
drone_audio,yes_drone/mixed_membo_59-membo_001_.wav,mixed_membo_59-membo_001_.wav,.wav,1,directory:yes_drone,32846,5793df985f82b0965a877404dcecb39dafe45a3071c7bbc6436febcf8252e3db
drone_audio,yes_drone/mixed_membo_59-membo_002_.wav,mixed_membo_59-membo_002_.wav,.wav,1,directory:yes_drone,32846,d2280770393f3676c51a0e93058eea841d34c660fe9ff63ce210c222f7eec809
drone_audio,yes_drone/mixed_membo_59-membo_003_.wav,mixed_membo_59-membo_003_.wav,.wav,1,directory:yes_drone,32846,83069a2a9c46830431660bee80bff3e1d3bdb4ac0593331d8232f5987f2f2ce0
drone_audio,yes_drone/mixed_membo_59-membo_004_.wav,mixed_membo_59-membo_004_.wav,.wav,1,directory:yes_drone,29006,76df7f4a9c71e5b18b553650eabb991f7b07b72d6a3f1e4bcc69e75c84a81df4
drone_audio,yes_drone/mixed_membo_6-membo_000_.wav,mixed_membo_6-membo_000_.wav,.wav,1,directory:yes_drone,32846,5b27ae917a883c0c8891691bb7adc44b183d8241ddcd40c23b5f055445a2ee1c
drone_audio,yes_drone/mixed_membo_6-membo_001_.wav,mixed_membo_6-membo_001_.wav,.wav,1,directory:yes_drone,32846,17356faca8d09f4fc868aa72eabafa051491e33e4e821b5e8aa479597df334cc
drone_audio,yes_drone/mixed_membo_6-membo_002_.wav,mixed_membo_6-membo_002_.wav,.wav,1,directory:yes_drone,32846,0391c3dde63a967371bbb2080cfd16062b591cb89b2900d0210bd34bf641a146
drone_audio,yes_drone/mixed_membo_6-membo_003_.wav,mixed_membo_6-membo_003_.wav,.wav,1,directory:yes_drone,32846,e52061e398e81a450d89f6347b6864d87ff962ea5390b0c94bd35473a0208e61
drone_audio,yes_drone/mixed_membo_6-membo_004_.wav,mixed_membo_6-membo_004_.wav,.wav,1,directory:yes_drone,29006,421bc698376f2ef03c223ac9b70436bea146d4ef03344bb4af66504a952258d3
drone_audio,yes_drone/mixed_membo_60-membo_000_.wav,mixed_membo_60-membo_000_.wav,.wav,1,directory:yes_drone,32846,1f454a2110339f3445493f9d661013b99516c40356e5e60ed4cdc295adf9053f
drone_audio,yes_drone/mixed_membo_60-membo_001_.wav,mixed_membo_60-membo_001_.wav,.wav,1,directory:yes_drone,32846,dbbbab82c5f3f53158b3205c7140eb7a77eaf5cfd6a3ef5e1298f3a5f1cd0296
drone_audio,yes_drone/mixed_membo_60-membo_002_.wav,mixed_membo_60-membo_002_.wav,.wav,1,directory:yes_drone,32846,46bd86c6615402c9f16c96a4208eac171207d364c552269d1ac009978d39f990
drone_audio,yes_drone/mixed_membo_60-membo_003_.wav,mixed_membo_60-membo_003_.wav,.wav,1,directory:yes_drone,32846,f2aab13c53fba96c45a13adee1e3337664134b83bc938841fc8fdb1517983337
drone_audio,yes_drone/mixed_membo_60-membo_004_.wav,mixed_membo_60-membo_004_.wav,.wav,1,directory:yes_drone,29006,b32d1f25a90d48131fb546c0ef2062e96c5a65051d7d1aebcc81ff6ba2f4b227
drone_audio,yes_drone/mixed_membo_61-membo_000_.wav,mixed_membo_61-membo_000_.wav,.wav,1,directory:yes_drone,32846,1b78928642cb5bdf9abc64f43ba84dc33b05742cbbbb5091fd2026fa3786b340
drone_audio,yes_drone/mixed_membo_61-membo_001_.wav,mixed_membo_61-membo_001_.wav,.wav,1,directory:yes_drone,32846,42b420412a60e40a2ff2b085a0629c4b633a68a7b6ef9b82283da3d986ea2df9
drone_audio,yes_drone/mixed_membo_61-membo_002_.wav,mixed_membo_61-membo_002_.wav,.wav,1,directory:yes_drone,32846,60d85cd80f8bbf9ee588e8b406dd72bbbe348a76e925918c8ec249da3661926c
drone_audio,yes_drone/mixed_membo_61-membo_003_.wav,mixed_membo_61-membo_003_.wav,.wav,1,directory:yes_drone,32846,0040b657a74005864355249779e55f25e4a253cf499813abf68d2d357cdfe892
drone_audio,yes_drone/mixed_membo_61-membo_004_.wav,mixed_membo_61-membo_004_.wav,.wav,1,directory:yes_drone,29006,06eae6454f0c317a48f8918fa1ae3af869945e37a362826d3e1c4246169caed2
drone_audio,yes_drone/mixed_membo_62-membo_000_.wav,mixed_membo_62-membo_000_.wav,.wav,1,directory:yes_drone,32846,f60adfe704df8bbc11a7611aab277253b9250f9a6ef7392cb017a0f2055c7def
drone_audio,yes_drone/mixed_membo_62-membo_001_.wav,mixed_membo_62-membo_001_.wav,.wav,1,directory:yes_drone,32846,457f00713d910baab826624cbc8748479251a35ac6dcc5fce27f441b0e276cd7
drone_audio,yes_drone/mixed_membo_62-membo_002_.wav,mixed_membo_62-membo_002_.wav,.wav,1,directory:yes_drone,32846,956c026902320d0031d26403823010b2844bcf02040e0a0be98eef4311eafc9b
drone_audio,yes_drone/mixed_membo_62-membo_003_.wav,mixed_membo_62-membo_003_.wav,.wav,1,directory:yes_drone,32846,137aa7fa84e817310d27d841618c0042953e3c8ca3c860aeb0f2f841529f1109
drone_audio,yes_drone/mixed_membo_62-membo_004_.wav,mixed_membo_62-membo_004_.wav,.wav,1,directory:yes_drone,29006,8c8f30609372745783b1b14a07750c37905430701ebc8f4fda44fd97a01d1b17
drone_audio,yes_drone/mixed_membo_63-membo_000_.wav,mixed_membo_63-membo_000_.wav,.wav,1,directory:yes_drone,32846,44f703cc49c7bc50c25ddd8ec3bbb8f265b8ecd5d3b5711a77a80914406fbfab
drone_audio,yes_drone/mixed_membo_63-membo_001_.wav,mixed_membo_63-membo_001_.wav,.wav,1,directory:yes_drone,32846,1da35d7c50fb7b188d2c99f3c2f34c0c2645cce6faac2356fd2f261dae824efb
drone_audio,yes_drone/mixed_membo_63-membo_002_.wav,mixed_membo_63-membo_002_.wav,.wav,1,directory:yes_drone,32846,5f14fd4ea17605b1214a377206653f18d24b6181eabe4fe15e5d7f865e533561
drone_audio,yes_drone/mixed_membo_63-membo_003_.wav,mixed_membo_63-membo_003_.wav,.wav,1,directory:yes_drone,32846,a94122734ff329a8245c3689ec52f48575b5e0ae708e121e17327bb39b8e6ecc
drone_audio,yes_drone/mixed_membo_63-membo_004_.wav,mixed_membo_63-membo_004_.wav,.wav,1,directory:yes_drone,29006,c5a0826d9bbbd8ba92be1cf3a0dd73b08072314a32ceeed9a7e53cbf063a94cd
drone_audio,yes_drone/mixed_membo_64-membo_000_.wav,mixed_membo_64-membo_000_.wav,.wav,1,directory:yes_drone,32846,8440c1de3279c9c66dc9927427cdcf6f295437ad1402f0d8e7224069188cc5ed
drone_audio,yes_drone/mixed_membo_64-membo_001_.wav,mixed_membo_64-membo_001_.wav,.wav,1,directory:yes_drone,32846,474ee1672807357786461f1cdf722f00ed035e6fe44f93c9df5f246e9c456ea5
drone_audio,yes_drone/mixed_membo_64-membo_002_.wav,mixed_membo_64-membo_002_.wav,.wav,1,directory:yes_drone,32846,5590bd3b639e06914f8eb07ed1126abc80d990540dfbd009a1ec3df14c8c02ad
drone_audio,yes_drone/mixed_membo_64-membo_003_.wav,mixed_membo_64-membo_003_.wav,.wav,1,directory:yes_drone,32846,2b1493ec46f88c99efd992ef07125eecd67966da6dcb25a8cb7265b79ba802ea
drone_audio,yes_drone/mixed_membo_64-membo_004_.wav,mixed_membo_64-membo_004_.wav,.wav,1,directory:yes_drone,29006,33b8639644ae6504fe08b2dadf312c801f19648fbeff28375cb773c6ee7568c7
drone_audio,yes_drone/mixed_membo_65-membo_000_.wav,mixed_membo_65-membo_000_.wav,.wav,1,directory:yes_drone,32846,1ecad494107d7247b06847aedebef637b38733bf0913d6b9efe30d65898bef2d
drone_audio,yes_drone/mixed_membo_65-membo_001_.wav,mixed_membo_65-membo_001_.wav,.wav,1,directory:yes_drone,32846,c6b583bc17f0a0790bfa38bf4b11d50ce95d97966214725a5028d96de0589c96
drone_audio,yes_drone/mixed_membo_65-membo_002_.wav,mixed_membo_65-membo_002_.wav,.wav,1,directory:yes_drone,32846,fbad9a3e14fe80229cde925dab0866330e2865588ee5abc1d24cc3666ede9e97
drone_audio,yes_drone/mixed_membo_65-membo_003_.wav,mixed_membo_65-membo_003_.wav,.wav,1,directory:yes_drone,32846,5d505d40376c2e7edceb51656976031f6d883b86b8f7cda9d5a9fdae717ee2d0
drone_audio,yes_drone/mixed_membo_65-membo_004_.wav,mixed_membo_65-membo_004_.wav,.wav,1,directory:yes_drone,29006,c71afa3160eb7ccebbb1739b58e990749bf570384846ccb02366650f2d4b429e
drone_audio,yes_drone/mixed_membo_66-membo_000_.wav,mixed_membo_66-membo_000_.wav,.wav,1,directory:yes_drone,32846,d2acf399978e2f51fcb74e07aaafe02cea695765a6a1bb22b8e35d5244fc12ab
drone_audio,yes_drone/mixed_membo_66-membo_001_.wav,mixed_membo_66-membo_001_.wav,.wav,1,directory:yes_drone,32846,e84856a1b32e604c0e315e909226fb0497c70ba612f18c8f123f0b01522d585d
drone_audio,yes_drone/mixed_membo_66-membo_002_.wav,mixed_membo_66-membo_002_.wav,.wav,1,directory:yes_drone,32846,456f9d553928a6149b9b91edc7eaf6b4c061f2c8c68345f8a09416cf082b80b5
drone_audio,yes_drone/mixed_membo_66-membo_003_.wav,mixed_membo_66-membo_003_.wav,.wav,1,directory:yes_drone,32846,d90dfea16b41c35aebcd5d071f758154eff7d5e28cd0449d709082a921327514
drone_audio,yes_drone/mixed_membo_66-membo_004_.wav,mixed_membo_66-membo_004_.wav,.wav,1,directory:yes_drone,29006,a0b81a6e1ecf36346377ad15860c018298602992a37eb0348ba23adff6134237
drone_audio,yes_drone/mixed_membo_7-membo_000_.wav,mixed_membo_7-membo_000_.wav,.wav,1,directory:yes_drone,32846,1611320464d5a98d28f1e97b3af6abde1a01645a6bdbab72617506b829d9053f
drone_audio,yes_drone/mixed_membo_7-membo_001_.wav,mixed_membo_7-membo_001_.wav,.wav,1,directory:yes_drone,32846,f3408a854f475aac15ca5361c67ca4fcd8cd8d45f80f8d965abada7fc359dde5
drone_audio,yes_drone/mixed_membo_7-membo_002_.wav,mixed_membo_7-membo_002_.wav,.wav,1,directory:yes_drone,32846,828f6972689ccd7d83fa393a9acf2ca756a64343b34c4c5d56583033245a454a
drone_audio,yes_drone/mixed_membo_7-membo_003_.wav,mixed_membo_7-membo_003_.wav,.wav,1,directory:yes_drone,32846,f8eae86e8bb5c04f2d6f3d9c180f20ba9641c321d38dd0d0849abbdeb314c314
drone_audio,yes_drone/mixed_membo_7-membo_004_.wav,mixed_membo_7-membo_004_.wav,.wav,1,directory:yes_drone,29006,56ad6410524a0e709a33e6ca0b5405a086b5705f51677da34dfcdeb5dc87094c
drone_audio,yes_drone/mixed_membo_8-membo_000_.wav,mixed_membo_8-membo_000_.wav,.wav,1,directory:yes_drone,32846,48202a1fd9d6b4e65a78d4c11ae0622b86306dadddbdde623ab4cb87a5f29924
drone_audio,yes_drone/mixed_membo_8-membo_001_.wav,mixed_membo_8-membo_001_.wav,.wav,1,directory:yes_drone,32846,ae93e3e4948613b3d8f05db74a5c3892f16c5be9af16f9e6375641cd5818dea4
drone_audio,yes_drone/mixed_membo_8-membo_002_.wav,mixed_membo_8-membo_002_.wav,.wav,1,directory:yes_drone,32846,d85d08058272dc99f56be65ddfbb8f6a3cacf085f71960eb7d6148c75fe18af3
drone_audio,yes_drone/mixed_membo_8-membo_003_.wav,mixed_membo_8-membo_003_.wav,.wav,1,directory:yes_drone,32846,fa582566a12a4154d4b3291a88d8b4ca94fc7ac10d5fa9e8a930ee03b347354e
drone_audio,yes_drone/mixed_membo_8-membo_004_.wav,mixed_membo_8-membo_004_.wav,.wav,1,directory:yes_drone,29006,85755d28eb18ac38393e4b90451a7d7745c2a87fdfaf4ee602f2306625f6596d
drone_audio,yes_drone/mixed_membo_9-membo_000_.wav,mixed_membo_9-membo_000_.wav,.wav,1,directory:yes_drone,32846,259c907d5d697f59b0dc046ab78f4896d3dffa5b15b0dbb6ea33fc2039665964
drone_audio,yes_drone/mixed_membo_9-membo_001_.wav,mixed_membo_9-membo_001_.wav,.wav,1,directory:yes_drone,32846,9b0dc4c0bcbbb0a1cbbad2a39e365e7d5cb572d1e1b18cb67e35370714281520
drone_audio,yes_drone/mixed_membo_9-membo_002_.wav,mixed_membo_9-membo_002_.wav,.wav,1,directory:yes_drone,32846,a853735c502cee7669e1ddf47ac0993bf0f0e614f324849330bf46cb322f51f9
drone_audio,yes_drone/mixed_membo_9-membo_003_.wav,mixed_membo_9-membo_003_.wav,.wav,1,directory:yes_drone,32846,552de19a9761d0279969572aa293af76d7ea7b589815036d0c20c5ea169fc487
drone_audio,yes_drone/mixed_membo_9-membo_004_.wav,mixed_membo_9-membo_004_.wav,.wav,1,directory:yes_drone,29006,2e2fd400dfac3e01fb6a5f373eba4ad51935eb66c7cb5a8645ccf6d861d316a6
